customer_id,name,group,order_id,amount
1,Alice Smith,Billing,ORD-2001,27.00
2,Bob Jones,Support,ORD-2002,44.00
3,Charlie Brown,Sales,ORD-2003,61.00
4,Diana Prince,Engineering,ORD-2004,78.00
5,Evan Wright,Marketing,ORD-2005,95.00
6,Fiona Gallagher,Billing,ORD-2006,112.00
7,George Clark,Support,ORD-2007,129.00
8,Hannah Abbott,Sales,ORD-2008,146.00
9,Ian Malcolm,Engineering,ORD-2009,163.00
10,Julia Roberts,Marketing,ORD-2010,180.00
11,Alice Smith,Billing,ORD-2011,197.00
12,Bob Jones,Support,ORD-2012,214.00
13,Charlie Brown,Sales,ORD-2013,231.00
14,Diana Prince,Engineering,ORD-2014,248.00
15,Evan Wright,Marketing,ORD-2015,265.00
16,Fiona Gallagher,Billing,ORD-2016,282.00
17,George Clark,Support,ORD-2017,299.00
18,Hannah Abbott,Sales,ORD-2018,316.00
19,Ian Malcolm,Engineering,ORD-2019,333.00
20,Julia Roberts,Marketing,ORD-2020,350.00
21,Alice Smith,Billing,ORD-2021,367.00
22,Bob Jones,Support,ORD-2022,384.00
23,Charlie Brown,Sales,ORD-2023,401.00
24,Diana Prince,Engineering,ORD-2024,418.00
25,Evan Wright,Marketing,ORD-2025,435.00
26,Fiona Gallagher,Billing,ORD-2026,452.00
27,George Clark,Support,ORD-2027,469.00
28,Hannah Abbott,Sales,ORD-2028,486.00
29,Ian Malcolm,Engineering,ORD-2029,503.00
30,Julia Roberts,Marketing,ORD-2030,20.00
31,Alice Smith,Billing,ORD-2031,37.00
32,Bob Jones,Support,ORD-2032,54.00
33,Charlie Brown,Sales,ORD-2033,71.00
34,Diana Prince,Engineering,ORD-2034,88.00
35,Evan Wright,Marketing,ORD-2035,105.00
36,Fiona Gallagher,Billing,ORD-2036,122.00
37,George Clark,Support,ORD-2037,139.00
38,Hannah Abbott,Sales,ORD-2038,156.00
39,Ian Malcolm,Engineering,ORD-2039,173.00
40,Julia Roberts,Marketing,ORD-2040,190.00
41,Alice Smith,Billing,ORD-2041,207.00
42,Bob Jones,Support,ORD-2042,224.00
43,Charlie Brown,Sales,ORD-2043,241.00
44,Diana Prince,Engineering,ORD-2044,258.00
45,Evan Wright,Marketing,ORD-2045,275.00
46,Fiona Gallagher,Billing,ORD-2046,292.00
47,George Clark,Support,ORD-2047,309.00
48,Hannah Abbott,Sales,ORD-2048,326.00
49,Ian Malcolm,Engineering,ORD-2049,343.00
50,Julia Roberts,Marketing,ORD-2050,360.00
51,Alice Smith,Billing,ORD-2051,377.00
52,Bob Jones,Support,ORD-2052,394.00
53,Charlie Brown,Sales,ORD-2053,411.00
54,Diana Prince,Engineering,ORD-2054,428.00
55,Evan Wright,Marketing,ORD-2055,445.00
56,Fiona Gallagher,Billing,ORD-2056,462.00
57,George Clark,Support,ORD-2057,479.00
58,Hannah Abbott,Sales,ORD-2058,496.00
59,Ian Malcolm,Engineering,ORD-2059,13.00
60,Julia Roberts,Marketing,ORD-2060,30.00
61,Alice Smith,Billing,ORD-2061,47.00
62,Bob Jones,Support,ORD-2062,64.00
63,Charlie Brown,Sales,ORD-2063,81.00
64,Diana Prince,Engineering,ORD-2064,98.00
65,Evan Wright,Marketing,ORD-2065,115.00
66,Fiona Gallagher,Billing,ORD-2066,132.00
67,George Clark,Support,ORD-2067,149.00
68,Hannah Abbott,Sales,ORD-2068,166.00
69,Ian Malcolm,Engineering,ORD-2069,183.00
70,Julia Roberts,Marketing,ORD-2070,200.00
71,Alice Smith,Billing,ORD-2071,217.00
72,Bob Jones,Support,ORD-2072,234.00
73,Charlie Brown,Sales,ORD-2073,251.00
74,Diana Prince,Engineering,ORD-2074,268.00
75,Evan Wright,Marketing,ORD-2075,285.00
76,Fiona Gallagher,Billing,ORD-2076,302.00
77,George Clark,Support,ORD-2077,319.00
78,Hannah Abbott,Sales,ORD-2078,336.00
79,Ian Malcolm,Engineering,ORD-2079,353.00
80,Julia Roberts,Marketing,ORD-2080,370.00
81,Alice Smith,Billing,ORD-2081,387.00
82,Bob Jones,Support,ORD-2082,404.00
83,Charlie Brown,Sales,ORD-2083,421.00
84,Diana Prince,Engineering,ORD-2084,438.00
85,Evan Wright,Marketing,ORD-2085,455.00
86,Fiona Gallagher,Billing,ORD-2086,472.00
87,George Clark,Support,ORD-2087,489.00
88,Hannah Abbott,Sales,ORD-2088,506.00
89,Ian Malcolm,Engineering,ORD-2089,23.00
90,Julia Roberts,Marketing,ORD-2090,40.00
91,Alice Smith,Billing,ORD-2091,57.00
92,Bob Jones,Support,ORD-2092,74.00
93,Charlie Brown,Sales,ORD-2093,91.00
94,Diana Prince,Engineering,ORD-2094,108.00
95,Evan Wright,Marketing,ORD-2095,125.00
96,Fiona Gallagher,Billing,ORD-2096,142.00
97,George Clark,Support,ORD-2097,159.00
98,Hannah Abbott,Sales,ORD-2098,176.00
99,Ian Malcolm,Engineering,ORD-2099,193.00
100,Julia Roberts,Marketing,ORD-2100,210.00
101,Alice Smith,Billing,ORD-2101,227.00
102,Bob Jones,Support,ORD-2102,244.00
103,Charlie Brown,Sales,ORD-2103,261.00
104,Diana Prince,Engineering,ORD-2104,278.00
105,Evan Wright,Marketing,ORD-2105,295.00
106,Fiona Gallagher,Billing,ORD-2106,312.00
107,George Clark,Support,ORD-2107,329.00
108,Hannah Abbott,Sales,ORD-2108,346.00
109,Ian Malcolm,Engineering,ORD-2109,363.00
110,Julia Roberts,Marketing,ORD-2110,380.00
111,Alice Smith,Billing,ORD-2111,397.00
112,Bob Jones,Support,ORD-2112,414.00
113,Charlie Brown,Sales,ORD-2113,431.00
114,Diana Prince,Engineering,ORD-2114,448.00
115,Evan Wright,Marketing,ORD-2115,465.00
116,Fiona Gallagher,Billing,ORD-2116,482.00
117,George Clark,Support,ORD-2117,499.00
118,Hannah Abbott,Sales,ORD-2118,16.00
119,Ian Malcolm,Engineering,ORD-2119,33.00
120,Julia Roberts,Marketing,ORD-2120,50.00
121,Alice Smith,Billing,ORD-2121,67.00
122,Bob Jones,Support,ORD-2122,84.00
123,Charlie Brown,Sales,ORD-2123,101.00
124,Diana Prince,Engineering,ORD-2124,118.00
125,Evan Wright,Marketing,ORD-2125,135.00
126,Fiona Gallagher,Billing,ORD-2126,152.00
127,George Clark,Support,ORD-2127,169.00
128,Hannah Abbott,Sales,ORD-2128,186.00
129,Ian Malcolm,Engineering,ORD-2129,203.00
130,Julia Roberts,Marketing,ORD-2130,220.00
131,Alice Smith,Billing,ORD-2131,237.00
132,Bob Jones,Support,ORD-2132,254.00
133,Charlie Brown,Sales,ORD-2133,271.00
134,Diana Prince,Engineering,ORD-2134,288.00
135,Evan Wright,Marketing,ORD-2135,305.00
136,Fiona Gallagher,Billing,ORD-2136,322.00
137,George Clark,Support,ORD-2137,339.00
138,Hannah Abbott,Sales,ORD-2138,356.00
139,Ian Malcolm,Engineering,ORD-2139,373.00
140,Julia Roberts,Marketing,ORD-2140,390.00
141,Alice Smith,Billing,ORD-2141,407.00
142,Bob Jones,Support,ORD-2142,424.00
143,Charlie Brown,Sales,ORD-2143,441.00
144,Diana Prince,Engineering,ORD-2144,458.00
145,Evan Wright,Marketing,ORD-2145,475.00
146,Fiona Gallagher,Billing,ORD-2146,492.00
147,George Clark,Support,ORD-2147,509.00
148,Hannah Abbott,Sales,ORD-2148,26.00
149,Ian Malcolm,Engineering,ORD-2149,43.00
150,Julia Roberts,Marketing,ORD-2150,60.00
151,Alice Smith,Billing,ORD-2151,77.00
152,Bob Jones,Support,ORD-2152,94.00
153,Charlie Brown,Sales,ORD-2153,111.00
154,Diana Prince,Engineering,ORD-2154,128.00
155,Evan Wright,Marketing,ORD-2155,145.00
156,Fiona Gallagher,Billing,ORD-2156,162.00
157,George Clark,Support,ORD-2157,179.00
158,Hannah Abbott,Sales,ORD-2158,196.00
159,Ian Malcolm,Engineering,ORD-2159,213.00
160,Julia Roberts,Marketing,ORD-2160,230.00
161,Alice Smith,Billing,ORD-2161,247.00
162,Bob Jones,Support,ORD-2162,264.00
163,Charlie Brown,Sales,ORD-2163,281.00
164,Diana Prince,Engineering,ORD-2164,298.00
165,Evan Wright,Marketing,ORD-2165,315.00
166,Fiona Gallagher,Billing,ORD-2166,332.00
167,George Clark,Support,ORD-2167,349.00
168,Hannah Abbott,Sales,ORD-2168,366.00
169,Ian Malcolm,Engineering,ORD-2169,383.00
170,Julia Roberts,Marketing,ORD-2170,400.00
171,Alice Smith,Billing,ORD-2171,417.00
172,Bob Jones,Support,ORD-2172,434.00
173,Charlie Brown,Sales,ORD-2173,451.00
174,Diana Prince,Engineering,ORD-2174,468.00
175,Evan Wright,Marketing,ORD-2175,485.00
176,Fiona Gallagher,Billing,ORD-2176,502.00
177,George Clark,Support,ORD-2177,19.00
178,Hannah Abbott,Sales,ORD-2178,36.00
179,Ian Malcolm,Engineering,ORD-2179,53.00
180,Julia Roberts,Marketing,ORD-2180,70.00
181,Alice Smith,Billing,ORD-2181,87.00
182,Bob Jones,Support,ORD-2182,104.00
183,Charlie Brown,Sales,ORD-2183,121.00
184,Diana Prince,Engineering,ORD-2184,138.00
185,Evan Wright,Marketing,ORD-2185,155.00
186,Fiona Gallagher,Billing,ORD-2186,172.00
187,George Clark,Support,ORD-2187,189.00
188,Hannah Abbott,Sales,ORD-2188,206.00
189,Ian Malcolm,Engineering,ORD-2189,223.00
190,Julia Roberts,Marketing,ORD-2190,240.00
191,Alice Smith,Billing,ORD-2191,257.00
192,Bob Jones,Support,ORD-2192,274.00
193,Charlie Brown,Sales,ORD-2193,291.00
194,Diana Prince,Engineering,ORD-2194,308.00
195,Evan Wright,Marketing,ORD-2195,325.00
196,Fiona Gallagher,Billing,ORD-2196,342.00
197,George Clark,Support,ORD-2197,359.00
198,Hannah Abbott,Sales,ORD-2198,376.00
199,Ian Malcolm,Engineering,ORD-2199,393.00
200,Julia Roberts,Marketing,ORD-2200,410.00
201,Alice Smith,Billing,ORD-2201,427.00
202,Bob Jones,Support,ORD-2202,444.00
203,Charlie Brown,Sales,ORD-2203,461.00
204,Diana Prince,Engineering,ORD-2204,478.00
205,Evan Wright,Marketing,ORD-2205,495.00
206,Fiona Gallagher,Billing,ORD-2206,12.00
207,George Clark,Support,ORD-2207,29.00
208,Hannah Abbott,Sales,ORD-2208,46.00
209,Ian Malcolm,Engineering,ORD-2209,63.00
210,Julia Roberts,Marketing,ORD-2210,80.00
211,Alice Smith,Billing,ORD-2211,97.00
212,Bob Jones,Support,ORD-2212,114.00
213,Charlie Brown,Sales,ORD-2213,131.00
214,Diana Prince,Engineering,ORD-2214,148.00
215,Evan Wright,Marketing,ORD-2215,165.00
216,Fiona Gallagher,Billing,ORD-2216,182.00
217,George Clark,Support,ORD-2217,199.00
218,Hannah Abbott,Sales,ORD-2218,216.00
219,Ian Malcolm,Engineering,ORD-2219,233.00
220,Julia Roberts,Marketing,ORD-2220,250.00
221,Alice Smith,Billing,ORD-2221,267.00
222,Bob Jones,Support,ORD-2222,284.00
223,Charlie Brown,Sales,ORD-2223,301.00
224,Diana Prince,Engineering,ORD-2224,318.00
225,Evan Wright,Marketing,ORD-2225,335.00
226,Fiona Gallagher,Billing,ORD-2226,352.00
227,George Clark,Support,ORD-2227,369.00
228,Hannah Abbott,Sales,ORD-2228,386.00
229,Ian Malcolm,Engineering,ORD-2229,403.00
230,Julia Roberts,Marketing,ORD-2230,420.00
231,Alice Smith,Billing,ORD-2231,437.00
232,Bob Jones,Support,ORD-2232,454.00
233,Charlie Brown,Sales,ORD-2233,471.00
234,Diana Prince,Engineering,ORD-2234,488.00
235,Evan Wright,Marketing,ORD-2235,505.00
236,Fiona Gallagher,Billing,ORD-2236,22.00
237,George Clark,Support,ORD-2237,39.00
238,Hannah Abbott,Sales,ORD-2238,56.00
239,Ian Malcolm,Engineering,ORD-2239,73.00
240,Julia Roberts,Marketing,ORD-2240,90.00
241,Alice Smith,Billing,ORD-2241,107.00
242,Bob Jones,Support,ORD-2242,124.00
243,Charlie Brown,Sales,ORD-2243,141.00
244,Diana Prince,Engineering,ORD-2244,158.00
245,Evan Wright,Marketing,ORD-2245,175.00
246,Fiona Gallagher,Billing,ORD-2246,192.00
247,George Clark,Support,ORD-2247,209.00
248,Hannah Abbott,Sales,ORD-2248,226.00
249,Ian Malcolm,Engineering,ORD-2249,243.00
250,Julia Roberts,Marketing,ORD-2250,260.00
251,Alice Smith,Billing,ORD-2251,277.00
252,Bob Jones,Support,ORD-2252,294.00
253,Charlie Brown,Sales,ORD-2253,311.00
254,Diana Prince,Engineering,ORD-2254,328.00
255,Evan Wright,Marketing,ORD-2255,345.00
256,Fiona Gallagher,Billing,ORD-2256,362.00
257,George Clark,Support,ORD-2257,379.00
258,Hannah Abbott,Sales,ORD-2258,396.00
259,Ian Malcolm,Engineering,ORD-2259,413.00
260,Julia Roberts,Marketing,ORD-2260,430.00
261,Alice Smith,Billing,ORD-2261,447.00
262,Bob Jones,Support,ORD-2262,464.00
263,Charlie Brown,Sales,ORD-2263,481.00
264,Diana Prince,Engineering,ORD-2264,498.00
265,Evan Wright,Marketing,ORD-2265,15.00
266,Fiona Gallagher,Billing,ORD-2266,32.00
267,George Clark,Support,ORD-2267,49.00
268,Hannah Abbott,Sales,ORD-2268,66.00
269,Ian Malcolm,Engineering,ORD-2269,83.00
270,Julia Roberts,Marketing,ORD-2270,100.00
271,Alice Smith,Billing,ORD-2271,117.00
272,Bob Jones,Support,ORD-2272,134.00
273,Charlie Brown,Sales,ORD-2273,151.00
274,Diana Prince,Engineering,ORD-2274,168.00
275,Evan Wright,Marketing,ORD-2275,185.00
276,Fiona Gallagher,Billing,ORD-2276,202.00
277,George Clark,Support,ORD-2277,219.00
278,Hannah Abbott,Sales,ORD-2278,236.00
279,Ian Malcolm,Engineering,ORD-2279,253.00
280,Julia Roberts,Marketing,ORD-2280,270.00
281,Alice Smith,Billing,ORD-2281,287.00
282,Bob Jones,Support,ORD-2282,304.00
283,Charlie Brown,Sales,ORD-2283,321.00
284,Diana Prince,Engineering,ORD-2284,338.00
285,Evan Wright,Marketing,ORD-2285,355.00
286,Fiona Gallagher,Billing,ORD-2286,372.00
287,George Clark,Support,ORD-2287,389.00
288,Hannah Abbott,Sales,ORD-2288,406.00
289,Ian Malcolm,Engineering,ORD-2289,423.00
290,Julia Roberts,Marketing,ORD-2290,440.00
291,Alice Smith,Billing,ORD-2291,457.00
292,Bob Jones,Support,ORD-2292,474.00
293,Charlie Brown,Sales,ORD-2293,491.00
294,Diana Prince,Engineering,ORD-2294,508.00
295,Evan Wright,Marketing,ORD-2295,25.00
296,Fiona Gallagher,Billing,ORD-2296,42.00
297,George Clark,Support,ORD-2297,59.00
298,Hannah Abbott,Sales,ORD-2298,76.00
299,Ian Malcolm,Engineering,ORD-2299,93.00
300,Julia Roberts,Marketing,ORD-2300,110.00
301,Alice Smith,Billing,ORD-2301,127.00
302,Bob Jones,Support,ORD-2302,144.00
303,Charlie Brown,Sales,ORD-2303,161.00
304,Diana Prince,Engineering,ORD-2304,178.00
305,Evan Wright,Marketing,ORD-2305,195.00
306,Fiona Gallagher,Billing,ORD-2306,212.00
307,George Clark,Support,ORD-2307,229.00
308,Hannah Abbott,Sales,ORD-2308,246.00
309,Ian Malcolm,Engineering,ORD-2309,263.00
310,Julia Roberts,Marketing,ORD-2310,280.00
311,Alice Smith,Billing,ORD-2311,297.00
312,Bob Jones,Support,ORD-2312,314.00
313,Charlie Brown,Sales,ORD-2313,331.00
314,Diana Prince,Engineering,ORD-2314,348.00
315,Evan Wright,Marketing,ORD-2315,365.00
316,Fiona Gallagher,Billing,ORD-2316,382.00
317,George Clark,Support,ORD-2317,399.00
318,Hannah Abbott,Sales,ORD-2318,416.00
319,Ian Malcolm,Engineering,ORD-2319,433.00
320,Julia Roberts,Marketing,ORD-2320,450.00
321,Alice Smith,Billing,ORD-2321,467.00
322,Bob Jones,Support,ORD-2322,484.00
323,Charlie Brown,Sales,ORD-2323,501.00
324,Diana Prince,Engineering,ORD-2324,18.00
325,Evan Wright,Marketing,ORD-2325,35.00
326,Fiona Gallagher,Billing,ORD-2326,52.00
327,George Clark,Support,ORD-2327,69.00
328,Hannah Abbott,Sales,ORD-2328,86.00
329,Ian Malcolm,Engineering,ORD-2329,103.00
330,Julia Roberts,Marketing,ORD-2330,120.00
331,Alice Smith,Billing,ORD-2331,137.00
332,Bob Jones,Support,ORD-2332,154.00
333,Charlie Brown,Sales,ORD-2333,171.00
334,Diana Prince,Engineering,ORD-2334,188.00
335,Evan Wright,Marketing,ORD-2335,205.00
336,Fiona Gallagher,Billing,ORD-2336,222.00
337,George Clark,Support,ORD-2337,239.00
338,Hannah Abbott,Sales,ORD-2338,256.00
339,Ian Malcolm,Engineering,ORD-2339,273.00
340,Julia Roberts,Marketing,ORD-2340,290.00
341,Alice Smith,Billing,ORD-2341,307.00
342,Bob Jones,Support,ORD-2342,324.00
343,Charlie Brown,Sales,ORD-2343,341.00
344,Diana Prince,Engineering,ORD-2344,358.00
345,Evan Wright,Marketing,ORD-2345,375.00
346,Fiona Gallagher,Billing,ORD-2346,392.00
347,George Clark,Support,ORD-2347,409.00
348,Hannah Abbott,Sales,ORD-2348,426.00
349,Ian Malcolm,Engineering,ORD-2349,443.00
350,Julia Roberts,Marketing,ORD-2350,460.00
351,Alice Smith,Billing,ORD-2351,477.00
352,Bob Jones,Support,ORD-2352,494.00
353,Charlie Brown,Sales,ORD-2353,11.00
354,Diana Prince,Engineering,ORD-2354,28.00
355,Evan Wright,Marketing,ORD-2355,45.00
356,Fiona Gallagher,Billing,ORD-2356,62.00
357,George Clark,Support,ORD-2357,79.00
358,Hannah Abbott,Sales,ORD-2358,96.00
359,Ian Malcolm,Engineering,ORD-2359,113.00
360,Julia Roberts,Marketing,ORD-2360,130.00
361,Alice Smith,Billing,ORD-2361,147.00
362,Bob Jones,Support,ORD-2362,164.00
363,Charlie Brown,Sales,ORD-2363,181.00
364,Diana Prince,Engineering,ORD-2364,198.00
365,Evan Wright,Marketing,ORD-2365,215.00
366,Fiona Gallagher,Billing,ORD-2366,232.00
367,George Clark,Support,ORD-2367,249.00
368,Hannah Abbott,Sales,ORD-2368,266.00
369,Ian Malcolm,Engineering,ORD-2369,283.00
370,Julia Roberts,Marketing,ORD-2370,300.00
371,Alice Smith,Billing,ORD-2371,317.00
372,Bob Jones,Support,ORD-2372,334.00
373,Charlie Brown,Sales,ORD-2373,351.00
374,Diana Prince,Engineering,ORD-2374,368.00
375,Evan Wright,Marketing,ORD-2375,385.00
376,Fiona Gallagher,Billing,ORD-2376,402.00
377,George Clark,Support,ORD-2377,419.00
378,Hannah Abbott,Sales,ORD-2378,436.00
379,Ian Malcolm,Engineering,ORD-2379,453.00
380,Julia Roberts,Marketing,ORD-2380,470.00
381,Alice Smith,Billing,ORD-2381,487.00
382,Bob Jones,Support,ORD-2382,504.00
383,Charlie Brown,Sales,ORD-2383,21.00
384,Diana Prince,Engineering,ORD-2384,38.00
385,Evan Wright,Marketing,ORD-2385,55.00
386,Fiona Gallagher,Billing,ORD-2386,72.00
387,George Clark,Support,ORD-2387,89.00
388,Hannah Abbott,Sales,ORD-2388,106.00
389,Ian Malcolm,Engineering,ORD-2389,123.00
390,Julia Roberts,Marketing,ORD-2390,140.00
391,Alice Smith,Billing,ORD-2391,157.00
392,Bob Jones,Support,ORD-2392,174.00
393,Charlie Brown,Sales,ORD-2393,191.00
394,Diana Prince,Engineering,ORD-2394,208.00
395,Evan Wright,Marketing,ORD-2395,225.00
396,Fiona Gallagher,Billing,ORD-2396,242.00
397,George Clark,Support,ORD-2397,259.00
398,Hannah Abbott,Sales,ORD-2398,276.00
399,Ian Malcolm,Engineering,ORD-2399,293.00
400,Julia Roberts,Marketing,ORD-2400,310.00
401,Alice Smith,Billing,ORD-2401,327.00
402,Bob Jones,Support,ORD-2402,344.00
403,Charlie Brown,Sales,ORD-2403,361.00
404,Diana Prince,Engineering,ORD-2404,378.00
405,Evan Wright,Marketing,ORD-2405,395.00
406,Fiona Gallagher,Billing,ORD-2406,412.00
407,George Clark,Support,ORD-2407,429.00
408,Hannah Abbott,Sales,ORD-2408,446.00
409,Ian Malcolm,Engineering,ORD-2409,463.00
410,Julia Roberts,Marketing,ORD-2410,480.00
411,Alice Smith,Billing,ORD-2411,497.00
412,Bob Jones,Support,ORD-2412,14.00
413,Charlie Brown,Sales,ORD-2413,31.00
414,Diana Prince,Engineering,ORD-2414,48.00
415,Evan Wright,Marketing,ORD-2415,65.00
416,Fiona Gallagher,Billing,ORD-2416,82.00
417,George Clark,Support,ORD-2417,99.00
418,Hannah Abbott,Sales,ORD-2418,116.00
419,Ian Malcolm,Engineering,ORD-2419,133.00
420,Julia Roberts,Marketing,ORD-2420,150.00
421,Alice Smith,Billing,ORD-2421,167.00
422,Bob Jones,Support,ORD-2422,184.00
423,Charlie Brown,Sales,ORD-2423,201.00
424,Diana Prince,Engineering,ORD-2424,218.00
425,Evan Wright,Marketing,ORD-2425,235.00
426,Fiona Gallagher,Billing,ORD-2426,252.00
427,George Clark,Support,ORD-2427,269.00
428,Hannah Abbott,Sales,ORD-2428,286.00
429,Ian Malcolm,Engineering,ORD-2429,303.00
430,Julia Roberts,Marketing,ORD-2430,320.00
431,Alice Smith,Billing,ORD-2431,337.00
432,Bob Jones,Support,ORD-2432,354.00
433,Charlie Brown,Sales,ORD-2433,371.00
434,Diana Prince,Engineering,ORD-2434,388.00
435,Evan Wright,Marketing,ORD-2435,405.00
436,Fiona Gallagher,Billing,ORD-2436,422.00
437,George Clark,Support,ORD-2437,439.00
438,Hannah Abbott,Sales,ORD-2438,456.00
439,Ian Malcolm,Engineering,ORD-2439,473.00
440,Julia Roberts,Marketing,ORD-2440,490.00
441,Alice Smith,Billing,ORD-2441,507.00
442,Bob Jones,Support,ORD-2442,24.00
443,Charlie Brown,Sales,ORD-2443,41.00
444,Diana Prince,Engineering,ORD-2444,58.00
445,Evan Wright,Marketing,ORD-2445,75.00
446,Fiona Gallagher,Billing,ORD-2446,92.00
447,George Clark,Support,ORD-2447,109.00
448,Hannah Abbott,Sales,ORD-2448,126.00
449,Ian Malcolm,Engineering,ORD-2449,143.00
450,Julia Roberts,Marketing,ORD-2450,160.00
451,Alice Smith,Billing,ORD-2451,177.00
452,Bob Jones,Support,ORD-2452,194.00
453,Charlie Brown,Sales,ORD-2453,211.00
454,Diana Prince,Engineering,ORD-2454,228.00
455,Evan Wright,Marketing,ORD-2455,245.00
456,Fiona Gallagher,Billing,ORD-2456,262.00
457,George Clark,Support,ORD-2457,279.00
458,Hannah Abbott,Sales,ORD-2458,296.00
459,Ian Malcolm,Engineering,ORD-2459,313.00
460,Julia Roberts,Marketing,ORD-2460,330.00
461,Alice Smith,Billing,ORD-2461,347.00
462,Bob Jones,Support,ORD-2462,364.00
463,Charlie Brown,Sales,ORD-2463,381.00
464,Diana Prince,Engineering,ORD-2464,398.00
465,Evan Wright,Marketing,ORD-2465,415.00
466,Fiona Gallagher,Billing,ORD-2466,432.00
467,George Clark,Support,ORD-2467,449.00
468,Hannah Abbott,Sales,ORD-2468,466.00
469,Ian Malcolm,Engineering,ORD-2469,483.00
470,Julia Roberts,Marketing,ORD-2470,500.00
471,Alice Smith,Billing,ORD-2471,17.00
472,Bob Jones,Support,ORD-2472,34.00
473,Charlie Brown,Sales,ORD-2473,51.00
474,Diana Prince,Engineering,ORD-2474,68.00
475,Evan Wright,Marketing,ORD-2475,85.00
476,Fiona Gallagher,Billing,ORD-2476,102.00
477,George Clark,Support,ORD-2477,119.00
478,Hannah Abbott,Sales,ORD-2478,136.00
479,Ian Malcolm,Engineering,ORD-2479,153.00
480,Julia Roberts,Marketing,ORD-2480,170.00
481,Alice Smith,Billing,ORD-2481,187.00
482,Bob Jones,Support,ORD-2482,204.00
483,Charlie Brown,Sales,ORD-2483,221.00
484,Diana Prince,Engineering,ORD-2484,238.00
485,Evan Wright,Marketing,ORD-2485,255.00
486,Fiona Gallagher,Billing,ORD-2486,272.00
487,George Clark,Support,ORD-2487,289.00
488,Hannah Abbott,Sales,ORD-2488,306.00
489,Ian Malcolm,Engineering,ORD-2489,323.00
490,Julia Roberts,Marketing,ORD-2490,340.00
491,Alice Smith,Billing,ORD-2491,357.00
492,Bob Jones,Support,ORD-2492,374.00
493,Charlie Brown,Sales,ORD-2493,391.00
494,Diana Prince,Engineering,ORD-2494,408.00
495,Evan Wright,Marketing,ORD-2495,425.00
496,Fiona Gallagher,Billing,ORD-2496,442.00
497,George Clark,Support,ORD-2497,459.00
498,Hannah Abbott,Sales,ORD-2498,476.00
499,Ian Malcolm,Engineering,ORD-2499,493.00
500,Julia Roberts,Marketing,ORD-2500,10.00
501,Alice Smith,Billing,ORD-2501,27.00
502,Bob Jones,Support,ORD-2502,44.00
503,Charlie Brown,Sales,ORD-2503,61.00
504,Diana Prince,Engineering,ORD-2504,78.00
505,Evan Wright,Marketing,ORD-2505,95.00
506,Fiona Gallagher,Billing,ORD-2506,112.00
507,George Clark,Support,ORD-2507,129.00
508,Hannah Abbott,Sales,ORD-2508,146.00
509,Ian Malcolm,Engineering,ORD-2509,163.00
510,Julia Roberts,Marketing,ORD-2510,180.00
511,Alice Smith,Billing,ORD-2511,197.00
512,Bob Jones,Support,ORD-2512,214.00
513,Charlie Brown,Sales,ORD-2513,231.00
514,Diana Prince,Engineering,ORD-2514,248.00
515,Evan Wright,Marketing,ORD-2515,265.00
516,Fiona Gallagher,Billing,ORD-2516,282.00
517,George Clark,Support,ORD-2517,299.00
518,Hannah Abbott,Sales,ORD-2518,316.00
519,Ian Malcolm,Engineering,ORD-2519,333.00
520,Julia Roberts,Marketing,ORD-2520,350.00
521,Alice Smith,Billing,ORD-2521,367.00
522,Bob Jones,Support,ORD-2522,384.00
523,Charlie Brown,Sales,ORD-2523,401.00
524,Diana Prince,Engineering,ORD-2524,418.00
525,Evan Wright,Marketing,ORD-2525,435.00
526,Fiona Gallagher,Billing,ORD-2526,452.00
527,George Clark,Support,ORD-2527,469.00
528,Hannah Abbott,Sales,ORD-2528,486.00
529,Ian Malcolm,Engineering,ORD-2529,503.00
530,Julia Roberts,Marketing,ORD-2530,20.00
531,Alice Smith,Billing,ORD-2531,37.00
532,Bob Jones,Support,ORD-2532,54.00
533,Charlie Brown,Sales,ORD-2533,71.00
534,Diana Prince,Engineering,ORD-2534,88.00
535,Evan Wright,Marketing,ORD-2535,105.00
536,Fiona Gallagher,Billing,ORD-2536,122.00
537,George Clark,Support,ORD-2537,139.00
538,Hannah Abbott,Sales,ORD-2538,156.00
539,Ian Malcolm,Engineering,ORD-2539,173.00
540,Julia Roberts,Marketing,ORD-2540,190.00
541,Alice Smith,Billing,ORD-2541,207.00
542,Bob Jones,Support,ORD-2542,224.00
543,Charlie Brown,Sales,ORD-2543,241.00
544,Diana Prince,Engineering,ORD-2544,258.00
545,Evan Wright,Marketing,ORD-2545,275.00
546,Fiona Gallagher,Billing,ORD-2546,292.00
547,George Clark,Support,ORD-2547,309.00
548,Hannah Abbott,Sales,ORD-2548,326.00
549,Ian Malcolm,Engineering,ORD-2549,343.00
550,Julia Roberts,Marketing,ORD-2550,360.00
551,Alice Smith,Billing,ORD-2551,377.00
552,Bob Jones,Support,ORD-2552,394.00
553,Charlie Brown,Sales,ORD-2553,411.00
554,Diana Prince,Engineering,ORD-2554,428.00
555,Evan Wright,Marketing,ORD-2555,445.00
556,Fiona Gallagher,Billing,ORD-2556,462.00
557,George Clark,Support,ORD-2557,479.00
558,Hannah Abbott,Sales,ORD-2558,496.00
559,Ian Malcolm,Engineering,ORD-2559,13.00
560,Julia Roberts,Marketing,ORD-2560,30.00
561,Alice Smith,Billing,ORD-2561,47.00
562,Bob Jones,Support,ORD-2562,64.00
563,Charlie Brown,Sales,ORD-2563,81.00
564,Diana Prince,Engineering,ORD-2564,98.00
565,Evan Wright,Marketing,ORD-2565,115.00
566,Fiona Gallagher,Billing,ORD-2566,132.00
567,George Clark,Support,ORD-2567,149.00
568,Hannah Abbott,Sales,ORD-2568,166.00
569,Ian Malcolm,Engineering,ORD-2569,183.00
570,Julia Roberts,Marketing,ORD-2570,200.00
571,Alice Smith,Billing,ORD-2571,217.00
572,Bob Jones,Support,ORD-2572,234.00
573,Charlie Brown,Sales,ORD-2573,251.00
574,Diana Prince,Engineering,ORD-2574,268.00
575,Evan Wright,Marketing,ORD-2575,285.00
576,Fiona Gallagher,Billing,ORD-2576,302.00
577,George Clark,Support,ORD-2577,319.00
578,Hannah Abbott,Sales,ORD-2578,336.00
579,Ian Malcolm,Engineering,ORD-2579,353.00
580,Julia Roberts,Marketing,ORD-2580,370.00
581,Alice Smith,Billing,ORD-2581,387.00
582,Bob Jones,Support,ORD-2582,404.00
583,Charlie Brown,Sales,ORD-2583,421.00
584,Diana Prince,Engineering,ORD-2584,438.00
585,Evan Wright,Marketing,ORD-2585,455.00
586,Fiona Gallagher,Billing,ORD-2586,472.00
587,George Clark,Support,ORD-2587,489.00
588,Hannah Abbott,Sales,ORD-2588,506.00
589,Ian Malcolm,Engineering,ORD-2589,23.00
590,Julia Roberts,Marketing,ORD-2590,40.00
591,Alice Smith,Billing,ORD-2591,57.00
592,Bob Jones,Support,ORD-2592,74.00
593,Charlie Brown,Sales,ORD-2593,91.00
594,Diana Prince,Engineering,ORD-2594,108.00
595,Evan Wright,Marketing,ORD-2595,125.00
596,Fiona Gallagher,Billing,ORD-2596,142.00
597,George Clark,Support,ORD-2597,159.00
598,Hannah Abbott,Sales,ORD-2598,176.00
599,Ian Malcolm,Engineering,ORD-2599,193.00
600,Julia Roberts,Marketing,ORD-2600,210.00
601,Alice Smith,Billing,ORD-2601,227.00
602,Bob Jones,Support,ORD-2602,244.00
603,Charlie Brown,Sales,ORD-2603,261.00
604,Diana Prince,Engineering,ORD-2604,278.00
605,Evan Wright,Marketing,ORD-2605,295.00
606,Fiona Gallagher,Billing,ORD-2606,312.00
607,George Clark,Support,ORD-2607,329.00
608,Hannah Abbott,Sales,ORD-2608,346.00
609,Ian Malcolm,Engineering,ORD-2609,363.00
610,Julia Roberts,Marketing,ORD-2610,380.00
611,Alice Smith,Billing,ORD-2611,397.00
612,Bob Jones,Support,ORD-2612,414.00
613,Charlie Brown,Sales,ORD-2613,431.00
614,Diana Prince,Engineering,ORD-2614,448.00
615,Evan Wright,Marketing,ORD-2615,465.00
616,Fiona Gallagher,Billing,ORD-2616,482.00
617,George Clark,Support,ORD-2617,499.00
618,Hannah Abbott,Sales,ORD-2618,16.00
619,Ian Malcolm,Engineering,ORD-2619,33.00
620,Julia Roberts,Marketing,ORD-2620,50.00
621,Alice Smith,Billing,ORD-2621,67.00
622,Bob Jones,Support,ORD-2622,84.00
623,Charlie Brown,Sales,ORD-2623,101.00
624,Diana Prince,Engineering,ORD-2624,118.00
625,Evan Wright,Marketing,ORD-2625,135.00
626,Fiona Gallagher,Billing,ORD-2626,152.00
627,George Clark,Support,ORD-2627,169.00
628,Hannah Abbott,Sales,ORD-2628,186.00
629,Ian Malcolm,Engineering,ORD-2629,203.00
630,Julia Roberts,Marketing,ORD-2630,220.00
631,Alice Smith,Billing,ORD-2631,237.00
632,Bob Jones,Support,ORD-2632,254.00
633,Charlie Brown,Sales,ORD-2633,271.00
634,Diana Prince,Engineering,ORD-2634,288.00
635,Evan Wright,Marketing,ORD-2635,305.00
636,Fiona Gallagher,Billing,ORD-2636,322.00
637,George Clark,Support,ORD-2637,339.00
638,Hannah Abbott,Sales,ORD-2638,356.00
639,Ian Malcolm,Engineering,ORD-2639,373.00
640,Julia Roberts,Marketing,ORD-2640,390.00
641,Alice Smith,Billing,ORD-2641,407.00
642,Bob Jones,Support,ORD-2642,424.00
643,Charlie Brown,Sales,ORD-2643,441.00
644,Diana Prince,Engineering,ORD-2644,458.00
645,Evan Wright,Marketing,ORD-2645,475.00
646,Fiona Gallagher,Billing,ORD-2646,492.00
647,George Clark,Support,ORD-2647,509.00
648,Hannah Abbott,Sales,ORD-2648,26.00
649,Ian Malcolm,Engineering,ORD-2649,43.00
650,Julia Roberts,Marketing,ORD-2650,60.00
651,Alice Smith,Billing,ORD-2651,77.00
652,Bob Jones,Support,ORD-2652,94.00
653,Charlie Brown,Sales,ORD-2653,111.00
654,Diana Prince,Engineering,ORD-2654,128.00
655,Evan Wright,Marketing,ORD-2655,145.00
656,Fiona Gallagher,Billing,ORD-2656,162.00
657,George Clark,Support,ORD-2657,179.00
658,Hannah Abbott,Sales,ORD-2658,196.00
659,Ian Malcolm,Engineering,ORD-2659,213.00
660,Julia Roberts,Marketing,ORD-2660,230.00
661,Alice Smith,Billing,ORD-2661,247.00
662,Bob Jones,Support,ORD-2662,264.00
663,Charlie Brown,Sales,ORD-2663,281.00
664,Diana Prince,Engineering,ORD-2664,298.00
665,Evan Wright,Marketing,ORD-2665,315.00
666,Fiona Gallagher,Billing,ORD-2666,332.00
667,George Clark,Support,ORD-2667,349.00
668,Hannah Abbott,Sales,ORD-2668,366.00
669,Ian Malcolm,Engineering,ORD-2669,383.00
670,Julia Roberts,Marketing,ORD-2670,400.00
671,Alice Smith,Billing,ORD-2671,417.00
672,Bob Jones,Support,ORD-2672,434.00
673,Charlie Brown,Sales,ORD-2673,451.00
674,Diana Prince,Engineering,ORD-2674,468.00
675,Evan Wright,Marketing,ORD-2675,485.00
676,Fiona Gallagher,Billing,ORD-2676,502.00
677,George Clark,Support,ORD-2677,19.00
678,Hannah Abbott,Sales,ORD-2678,36.00
679,Ian Malcolm,Engineering,ORD-2679,53.00
680,Julia Roberts,Marketing,ORD-2680,70.00
681,Alice Smith,Billing,ORD-2681,87.00
682,Bob Jones,Support,ORD-2682,104.00
683,Charlie Brown,Sales,ORD-2683,121.00
684,Diana Prince,Engineering,ORD-2684,138.00
685,Evan Wright,Marketing,ORD-2685,155.00
686,Fiona Gallagher,Billing,ORD-2686,172.00
687,George Clark,Support,ORD-2687,189.00
688,Hannah Abbott,Sales,ORD-2688,206.00
689,Ian Malcolm,Engineering,ORD-2689,223.00
690,Julia Roberts,Marketing,ORD-2690,240.00
691,Alice Smith,Billing,ORD-2691,257.00
692,Bob Jones,Support,ORD-2692,274.00
693,Charlie Brown,Sales,ORD-2693,291.00
694,Diana Prince,Engineering,ORD-2694,308.00
695,Evan Wright,Marketing,ORD-2695,325.00
696,Fiona Gallagher,Billing,ORD-2696,342.00
697,George Clark,Support,ORD-2697,359.00
698,Hannah Abbott,Sales,ORD-2698,376.00
699,Ian Malcolm,Engineering,ORD-2699,393.00
700,Julia Roberts,Marketing,ORD-2700,410.00
701,Alice Smith,Billing,ORD-2701,427.00
702,Bob Jones,Support,ORD-2702,444.00
703,Charlie Brown,Sales,ORD-2703,461.00
704,Diana Prince,Engineering,ORD-2704,478.00
705,Evan Wright,Marketing,ORD-2705,495.00
706,Fiona Gallagher,Billing,ORD-2706,12.00
707,George Clark,Support,ORD-2707,29.00
708,Hannah Abbott,Sales,ORD-2708,46.00
709,Ian Malcolm,Engineering,ORD-2709,63.00
710,Julia Roberts,Marketing,ORD-2710,80.00
711,Alice Smith,Billing,ORD-2711,97.00
712,Bob Jones,Support,ORD-2712,114.00
713,Charlie Brown,Sales,ORD-2713,131.00
714,Diana Prince,Engineering,ORD-2714,148.00
715,Evan Wright,Marketing,ORD-2715,165.00
716,Fiona Gallagher,Billing,ORD-2716,182.00
717,George Clark,Support,ORD-2717,199.00
718,Hannah Abbott,Sales,ORD-2718,216.00
719,Ian Malcolm,Engineering,ORD-2719,233.00
720,Julia Roberts,Marketing,ORD-2720,250.00
721,Alice Smith,Billing,ORD-2721,267.00
722,Bob Jones,Support,ORD-2722,284.00
723,Charlie Brown,Sales,ORD-2723,301.00
724,Diana Prince,Engineering,ORD-2724,318.00
725,Evan Wright,Marketing,ORD-2725,335.00
726,Fiona Gallagher,Billing,ORD-2726,352.00
727,George Clark,Support,ORD-2727,369.00
728,Hannah Abbott,Sales,ORD-2728,386.00
729,Ian Malcolm,Engineering,ORD-2729,403.00
730,Julia Roberts,Marketing,ORD-2730,420.00
731,Alice Smith,Billing,ORD-2731,437.00
732,Bob Jones,Support,ORD-2732,454.00
733,Charlie Brown,Sales,ORD-2733,471.00
734,Diana Prince,Engineering,ORD-2734,488.00
735,Evan Wright,Marketing,ORD-2735,505.00
736,Fiona Gallagher,Billing,ORD-2736,22.00
737,George Clark,Support,ORD-2737,39.00
738,Hannah Abbott,Sales,ORD-2738,56.00
739,Ian Malcolm,Engineering,ORD-2739,73.00
740,Julia Roberts,Marketing,ORD-2740,90.00
741,Alice Smith,Billing,ORD-2741,107.00
742,Bob Jones,Support,ORD-2742,124.00
743,Charlie Brown,Sales,ORD-2743,141.00
744,Diana Prince,Engineering,ORD-2744,158.00
745,Evan Wright,Marketing,ORD-2745,175.00
746,Fiona Gallagher,Billing,ORD-2746,192.00
747,George Clark,Support,ORD-2747,209.00
748,Hannah Abbott,Sales,ORD-2748,226.00
749,Ian Malcolm,Engineering,ORD-2749,243.00
750,Julia Roberts,Marketing,ORD-2750,260.00
751,Alice Smith,Billing,ORD-2751,277.00
752,Bob Jones,Support,ORD-2752,294.00
753,Charlie Brown,Sales,ORD-2753,311.00
754,Diana Prince,Engineering,ORD-2754,328.00
755,Evan Wright,Marketing,ORD-2755,345.00
756,Fiona Gallagher,Billing,ORD-2756,362.00
757,George Clark,Support,ORD-2757,379.00
758,Hannah Abbott,Sales,ORD-2758,396.00
759,Ian Malcolm,Engineering,ORD-2759,413.00
760,Julia Roberts,Marketing,ORD-2760,430.00
761,Alice Smith,Billing,ORD-2761,447.00
762,Bob Jones,Support,ORD-2762,464.00
763,Charlie Brown,Sales,ORD-2763,481.00
764,Diana Prince,Engineering,ORD-2764,498.00
765,Evan Wright,Marketing,ORD-2765,15.00
766,Fiona Gallagher,Billing,ORD-2766,32.00
767,George Clark,Support,ORD-2767,49.00
768,Hannah Abbott,Sales,ORD-2768,66.00
769,Ian Malcolm,Engineering,ORD-2769,83.00
770,Julia Roberts,Marketing,ORD-2770,100.00
771,Alice Smith,Billing,ORD-2771,117.00
772,Bob Jones,Support,ORD-2772,134.00
773,Charlie Brown,Sales,ORD-2773,151.00
774,Diana Prince,Engineering,ORD-2774,168.00
775,Evan Wright,Marketing,ORD-2775,185.00
776,Fiona Gallagher,Billing,ORD-2776,202.00
777,George Clark,Support,ORD-2777,219.00
778,Hannah Abbott,Sales,ORD-2778,236.00
779,Ian Malcolm,Engineering,ORD-2779,253.00
780,Julia Roberts,Marketing,ORD-2780,270.00
781,Alice Smith,Billing,ORD-2781,287.00
782,Bob Jones,Support,ORD-2782,304.00
783,Charlie Brown,Sales,ORD-2783,321.00
784,Diana Prince,Engineering,ORD-2784,338.00
785,Evan Wright,Marketing,ORD-2785,355.00
786,Fiona Gallagher,Billing,ORD-2786,372.00
787,George Clark,Support,ORD-2787,389.00
788,Hannah Abbott,Sales,ORD-2788,406.00
789,Ian Malcolm,Engineering,ORD-2789,423.00
790,Julia Roberts,Marketing,ORD-2790,440.00
791,Alice Smith,Billing,ORD-2791,457.00
792,Bob Jones,Support,ORD-2792,474.00
793,Charlie Brown,Sales,ORD-2793,491.00
794,Diana Prince,Engineering,ORD-2794,508.00
795,Evan Wright,Marketing,ORD-2795,25.00
796,Fiona Gallagher,Billing,ORD-2796,42.00
797,George Clark,Support,ORD-2797,59.00
798,Hannah Abbott,Sales,ORD-2798,76.00
799,Ian Malcolm,Engineering,ORD-2799,93.00
800,Julia Roberts,Marketing,ORD-2800,110.00
801,Alice Smith,Billing,ORD-2801,127.00
802,Bob Jones,Support,ORD-2802,144.00
803,Charlie Brown,Sales,ORD-2803,161.00
804,Diana Prince,Engineering,ORD-2804,178.00
805,Evan Wright,Marketing,ORD-2805,195.00
806,Fiona Gallagher,Billing,ORD-2806,212.00
807,George Clark,Support,ORD-2807,229.00
808,Hannah Abbott,Sales,ORD-2808,246.00
809,Ian Malcolm,Engineering,ORD-2809,263.00
810,Julia Roberts,Marketing,ORD-2810,280.00
811,Alice Smith,Billing,ORD-2811,297.00
812,Bob Jones,Support,ORD-2812,314.00
813,Charlie Brown,Sales,ORD-2813,331.00
814,Diana Prince,Engineering,ORD-2814,348.00
815,Evan Wright,Marketing,ORD-2815,365.00
816,Fiona Gallagher,Billing,ORD-2816,382.00
817,George Clark,Support,ORD-2817,399.00
818,Hannah Abbott,Sales,ORD-2818,416.00
819,Ian Malcolm,Engineering,ORD-2819,433.00
820,Julia Roberts,Marketing,ORD-2820,450.00
821,Alice Smith,Billing,ORD-2821,467.00
822,Bob Jones,Support,ORD-2822,484.00
823,Charlie Brown,Sales,ORD-2823,501.00
824,Diana Prince,Engineering,ORD-2824,18.00
825,Evan Wright,Marketing,ORD-2825,35.00
826,Fiona Gallagher,Billing,ORD-2826,52.00
827,George Clark,Support,ORD-2827,69.00
828,Hannah Abbott,Sales,ORD-2828,86.00
829,Ian Malcolm,Engineering,ORD-2829,103.00
830,Julia Roberts,Marketing,ORD-2830,120.00
831,Alice Smith,Billing,ORD-2831,137.00
832,Bob Jones,Support,ORD-2832,154.00
833,Charlie Brown,Sales,ORD-2833,171.00
834,Diana Prince,Engineering,ORD-2834,188.00
835,Evan Wright,Marketing,ORD-2835,205.00
836,Fiona Gallagher,Billing,ORD-2836,222.00
837,George Clark,Support,ORD-2837,239.00
838,Hannah Abbott,Sales,ORD-2838,256.00
839,Ian Malcolm,Engineering,ORD-2839,273.00
840,Julia Roberts,Marketing,ORD-2840,290.00
841,Alice Smith,Billing,ORD-2841,307.00
842,Bob Jones,Support,ORD-2842,324.00
843,Charlie Brown,Sales,ORD-2843,341.00
844,Diana Prince,Engineering,ORD-2844,358.00
845,Evan Wright,Marketing,ORD-2845,375.00
846,Fiona Gallagher,Billing,ORD-2846,392.00
847,George Clark,Support,ORD-2847,409.00
848,Hannah Abbott,Sales,ORD-2848,426.00
849,Ian Malcolm,Engineering,ORD-2849,443.00
850,Julia Roberts,Marketing,ORD-2850,460.00
851,Alice Smith,Billing,ORD-2851,477.00
852,Bob Jones,Support,ORD-2852,494.00
853,Charlie Brown,Sales,ORD-2853,11.00
854,Diana Prince,Engineering,ORD-2854,28.00
855,Evan Wright,Marketing,ORD-2855,45.00
856,Fiona Gallagher,Billing,ORD-2856,62.00
857,George Clark,Support,ORD-2857,79.00
858,Hannah Abbott,Sales,ORD-2858,96.00
859,Ian Malcolm,Engineering,ORD-2859,113.00
860,Julia Roberts,Marketing,ORD-2860,130.00
861,Alice Smith,Billing,ORD-2861,147.00
862,Bob Jones,Support,ORD-2862,164.00
863,Charlie Brown,Sales,ORD-2863,181.00
864,Diana Prince,Engineering,ORD-2864,198.00
865,Evan Wright,Marketing,ORD-2865,215.00
866,Fiona Gallagher,Billing,ORD-2866,232.00
867,George Clark,Support,ORD-2867,249.00
868,Hannah Abbott,Sales,ORD-2868,266.00
869,Ian Malcolm,Engineering,ORD-2869,283.00
870,Julia Roberts,Marketing,ORD-2870,300.00
871,Alice Smith,Billing,ORD-2871,317.00
872,Bob Jones,Support,ORD-2872,334.00
873,Charlie Brown,Sales,ORD-2873,351.00
874,Diana Prince,Engineering,ORD-2874,368.00
875,Evan Wright,Marketing,ORD-2875,385.00
876,Fiona Gallagher,Billing,ORD-2876,402.00
877,George Clark,Support,ORD-2877,419.00
878,Hannah Abbott,Sales,ORD-2878,436.00
879,Ian Malcolm,Engineering,ORD-2879,453.00
880,Julia Roberts,Marketing,ORD-2880,470.00
881,Alice Smith,Billing,ORD-2881,487.00
882,Bob Jones,Support,ORD-2882,504.00
883,Charlie Brown,Sales,ORD-2883,21.00
884,Diana Prince,Engineering,ORD-2884,38.00
885,Evan Wright,Marketing,ORD-2885,55.00
886,Fiona Gallagher,Billing,ORD-2886,72.00
887,George Clark,Support,ORD-2887,89.00
888,Hannah Abbott,Sales,ORD-2888,106.00
889,Ian Malcolm,Engineering,ORD-2889,123.00
890,Julia Roberts,Marketing,ORD-2890,140.00
891,Alice Smith,Billing,ORD-2891,157.00
892,Bob Jones,Support,ORD-2892,174.00
893,Charlie Brown,Sales,ORD-2893,191.00
894,Diana Prince,Engineering,ORD-2894,208.00
895,Evan Wright,Marketing,ORD-2895,225.00
896,Fiona Gallagher,Billing,ORD-2896,242.00
897,George Clark,Support,ORD-2897,259.00
898,Hannah Abbott,Sales,ORD-2898,276.00
899,Ian Malcolm,Engineering,ORD-2899,293.00
900,Julia Roberts,Marketing,ORD-2900,310.00
901,Alice Smith,Billing,ORD-2901,327.00
902,Bob Jones,Support,ORD-2902,344.00
903,Charlie Brown,Sales,ORD-2903,361.00
904,Diana Prince,Engineering,ORD-2904,378.00
905,Evan Wright,Marketing,ORD-2905,395.00
906,Fiona Gallagher,Billing,ORD-2906,412.00
907,George Clark,Support,ORD-2907,429.00
908,Hannah Abbott,Sales,ORD-2908,446.00
909,Ian Malcolm,Engineering,ORD-2909,463.00
910,Julia Roberts,Marketing,ORD-2910,480.00
911,Alice Smith,Billing,ORD-2911,497.00
912,Bob Jones,Support,ORD-2912,14.00
913,Charlie Brown,Sales,ORD-2913,31.00
914,Diana Prince,Engineering,ORD-2914,48.00
915,Evan Wright,Marketing,ORD-2915,65.00
916,Fiona Gallagher,Billing,ORD-2916,82.00
917,George Clark,Support,ORD-2917,99.00
918,Hannah Abbott,Sales,ORD-2918,116.00
919,Ian Malcolm,Engineering,ORD-2919,133.00
920,Julia Roberts,Marketing,ORD-2920,150.00
921,Alice Smith,Billing,ORD-2921,167.00
922,Bob Jones,Support,ORD-2922,184.00
923,Charlie Brown,Sales,ORD-2923,201.00
924,Diana Prince,Engineering,ORD-2924,218.00
925,Evan Wright,Marketing,ORD-2925,235.00
926,Fiona Gallagher,Billing,ORD-2926,252.00
927,George Clark,Support,ORD-2927,269.00
928,Hannah Abbott,Sales,ORD-2928,286.00
929,Ian Malcolm,Engineering,ORD-2929,303.00
930,Julia Roberts,Marketing,ORD-2930,320.00
931,Alice Smith,Billing,ORD-2931,337.00
932,Bob Jones,Support,ORD-2932,354.00
933,Charlie Brown,Sales,ORD-2933,371.00
934,Diana Prince,Engineering,ORD-2934,388.00
935,Evan Wright,Marketing,ORD-2935,405.00
936,Fiona Gallagher,Billing,ORD-2936,422.00
937,George Clark,Support,ORD-2937,439.00
938,Hannah Abbott,Sales,ORD-2938,456.00
939,Ian Malcolm,Engineering,ORD-2939,473.00
940,Julia Roberts,Marketing,ORD-2940,490.00
941,Alice Smith,Billing,ORD-2941,507.00
942,Bob Jones,Support,ORD-2942,24.00
943,Charlie Brown,Sales,ORD-2943,41.00
944,Diana Prince,Engineering,ORD-2944,58.00
945,Evan Wright,Marketing,ORD-2945,75.00
946,Fiona Gallagher,Billing,ORD-2946,92.00
947,George Clark,Support,ORD-2947,109.00
948,Hannah Abbott,Sales,ORD-2948,126.00
949,Ian Malcolm,Engineering,ORD-2949,143.00
950,Julia Roberts,Marketing,ORD-2950,160.00
951,Alice Smith,Billing,ORD-2951,177.00
952,Bob Jones,Support,ORD-2952,194.00
953,Charlie Brown,Sales,ORD-2953,211.00
954,Diana Prince,Engineering,ORD-2954,228.00
955,Evan Wright,Marketing,ORD-2955,245.00
956,Fiona Gallagher,Billing,ORD-2956,262.00
957,George Clark,Support,ORD-2957,279.00
958,Hannah Abbott,Sales,ORD-2958,296.00
959,Ian Malcolm,Engineering,ORD-2959,313.00
960,Julia Roberts,Marketing,ORD-2960,330.00
961,Alice Smith,Billing,ORD-2961,347.00
962,Bob Jones,Support,ORD-2962,364.00
963,Charlie Brown,Sales,ORD-2963,381.00
964,Diana Prince,Engineering,ORD-2964,398.00
965,Evan Wright,Marketing,ORD-2965,415.00
966,Fiona Gallagher,Billing,ORD-2966,432.00
967,George Clark,Support,ORD-2967,449.00
968,Hannah Abbott,Sales,ORD-2968,466.00
969,Ian Malcolm,Engineering,ORD-2969,483.00
970,Julia Roberts,Marketing,ORD-2970,500.00
971,Alice Smith,Billing,ORD-2971,17.00
972,Bob Jones,Support,ORD-2972,34.00
973,Charlie Brown,Sales,ORD-2973,51.00
974,Diana Prince,Engineering,ORD-2974,68.00
975,Evan Wright,Marketing,ORD-2975,85.00
976,Fiona Gallagher,Billing,ORD-2976,102.00
977,George Clark,Support,ORD-2977,119.00
978,Hannah Abbott,Sales,ORD-2978,136.00
979,Ian Malcolm,Engineering,ORD-2979,153.00
980,Julia Roberts,Marketing,ORD-2980,170.00
981,Alice Smith,Billing,ORD-2981,187.00
982,Bob Jones,Support,ORD-2982,204.00
983,Charlie Brown,Sales,ORD-2983,221.00
984,Diana Prince,Engineering,ORD-2984,238.00
985,Evan Wright,Marketing,ORD-2985,255.00
986,Fiona Gallagher,Billing,ORD-2986,272.00
987,George Clark,Support,ORD-2987,289.00
988,Hannah Abbott,Sales,ORD-2988,306.00
989,Ian Malcolm,Engineering,ORD-2989,323.00
990,Julia Roberts,Marketing,ORD-2990,340.00
991,Alice Smith,Billing,ORD-2991,357.00
992,Bob Jones,Support,ORD-2992,374.00
993,Charlie Brown,Sales,ORD-2993,391.00
994,Diana Prince,Engineering,ORD-2994,408.00
995,Evan Wright,Marketing,ORD-2995,425.00
996,Fiona Gallagher,Billing,ORD-2996,442.00
997,George Clark,Support,ORD-2997,459.00
998,Hannah Abbott,Sales,ORD-2998,476.00
999,Ian Malcolm,Engineering,ORD-2999,493.00
1000,Julia Roberts,Marketing,ORD-3000,10.00
1001,Alice Smith,Billing,ORD-3001,27.00
1002,Bob Jones,Support,ORD-3002,44.00
1003,Charlie Brown,Sales,ORD-3003,61.00
1004,Diana Prince,Engineering,ORD-3004,78.00
1005,Evan Wright,Marketing,ORD-3005,95.00
1006,Fiona Gallagher,Billing,ORD-3006,112.00
1007,George Clark,Support,ORD-3007,129.00
1008,Hannah Abbott,Sales,ORD-3008,146.00
1009,Ian Malcolm,Engineering,ORD-3009,163.00
1010,Julia Roberts,Marketing,ORD-3010,180.00
1011,Alice Smith,Billing,ORD-3011,197.00
1012,Bob Jones,Support,ORD-3012,214.00
1013,Charlie Brown,Sales,ORD-3013,231.00
1014,Diana Prince,Engineering,ORD-3014,248.00
1015,Evan Wright,Marketing,ORD-3015,265.00
1016,Fiona Gallagher,Billing,ORD-3016,282.00
1017,George Clark,Support,ORD-3017,299.00
1018,Hannah Abbott,Sales,ORD-3018,316.00
1019,Ian Malcolm,Engineering,ORD-3019,333.00
1020,Julia Roberts,Marketing,ORD-3020,350.00
1021,Alice Smith,Billing,ORD-3021,367.00
1022,Bob Jones,Support,ORD-3022,384.00
1023,Charlie Brown,Sales,ORD-3023,401.00
1024,Diana Prince,Engineering,ORD-3024,418.00
1025,Evan Wright,Marketing,ORD-3025,435.00
1026,Fiona Gallagher,Billing,ORD-3026,452.00
1027,George Clark,Support,ORD-3027,469.00
1028,Hannah Abbott,Sales,ORD-3028,486.00
1029,Ian Malcolm,Engineering,ORD-3029,503.00
1030,Julia Roberts,Marketing,ORD-3030,20.00
1031,Alice Smith,Billing,ORD-3031,37.00
1032,Bob Jones,Support,ORD-3032,54.00
1033,Charlie Brown,Sales,ORD-3033,71.00
1034,Diana Prince,Engineering,ORD-3034,88.00
1035,Evan Wright,Marketing,ORD-3035,105.00
1036,Fiona Gallagher,Billing,ORD-3036,122.00
1037,George Clark,Support,ORD-3037,139.00
1038,Hannah Abbott,Sales,ORD-3038,156.00
1039,Ian Malcolm,Engineering,ORD-3039,173.00
1040,Julia Roberts,Marketing,ORD-3040,190.00
1041,Alice Smith,Billing,ORD-3041,207.00
1042,Bob Jones,Support,ORD-3042,224.00
1043,Charlie Brown,Sales,ORD-3043,241.00
1044,Diana Prince,Engineering,ORD-3044,258.00
1045,Evan Wright,Marketing,ORD-3045,275.00
1046,Fiona Gallagher,Billing,ORD-3046,292.00
1047,George Clark,Support,ORD-3047,309.00
1048,Hannah Abbott,Sales,ORD-3048,326.00
1049,Ian Malcolm,Engineering,ORD-3049,343.00
1050,Julia Roberts,Marketing,ORD-3050,360.00
1051,Alice Smith,Billing,ORD-3051,377.00
1052,Bob Jones,Support,ORD-3052,394.00
1053,Charlie Brown,Sales,ORD-3053,411.00
1054,Diana Prince,Engineering,ORD-3054,428.00
1055,Evan Wright,Marketing,ORD-3055,445.00
1056,Fiona Gallagher,Billing,ORD-3056,462.00
1057,George Clark,Support,ORD-3057,479.00
1058,Hannah Abbott,Sales,ORD-3058,496.00
1059,Ian Malcolm,Engineering,ORD-3059,13.00
1060,Julia Roberts,Marketing,ORD-3060,30.00
1061,Alice Smith,Billing,ORD-3061,47.00
1062,Bob Jones,Support,ORD-3062,64.00
1063,Charlie Brown,Sales,ORD-3063,81.00
1064,Diana Prince,Engineering,ORD-3064,98.00
1065,Evan Wright,Marketing,ORD-3065,115.00
1066,Fiona Gallagher,Billing,ORD-3066,132.00
1067,George Clark,Support,ORD-3067,149.00
1068,Hannah Abbott,Sales,ORD-3068,166.00
1069,Ian Malcolm,Engineering,ORD-3069,183.00
1070,Julia Roberts,Marketing,ORD-3070,200.00
1071,Alice Smith,Billing,ORD-3071,217.00
1072,Bob Jones,Support,ORD-3072,234.00
1073,Charlie Brown,Sales,ORD-3073,251.00
1074,Diana Prince,Engineering,ORD-3074,268.00
1075,Evan Wright,Marketing,ORD-3075,285.00
1076,Fiona Gallagher,Billing,ORD-3076,302.00
1077,George Clark,Support,ORD-3077,319.00
1078,Hannah Abbott,Sales,ORD-3078,336.00
1079,Ian Malcolm,Engineering,ORD-3079,353.00
1080,Julia Roberts,Marketing,ORD-3080,370.00
1081,Alice Smith,Billing,ORD-3081,387.00
1082,Bob Jones,Support,ORD-3082,404.00
1083,Charlie Brown,Sales,ORD-3083,421.00
1084,Diana Prince,Engineering,ORD-3084,438.00
1085,Evan Wright,Marketing,ORD-3085,455.00
1086,Fiona Gallagher,Billing,ORD-3086,472.00
1087,George Clark,Support,ORD-3087,489.00
1088,Hannah Abbott,Sales,ORD-3088,506.00
1089,Ian Malcolm,Engineering,ORD-3089,23.00
1090,Julia Roberts,Marketing,ORD-3090,40.00
1091,Alice Smith,Billing,ORD-3091,57.00
1092,Bob Jones,Support,ORD-3092,74.00
1093,Charlie Brown,Sales,ORD-3093,91.00
1094,Diana Prince,Engineering,ORD-3094,108.00
1095,Evan Wright,Marketing,ORD-3095,125.00
1096,Fiona Gallagher,Billing,ORD-3096,142.00
1097,George Clark,Support,ORD-3097,159.00
1098,Hannah Abbott,Sales,ORD-3098,176.00
1099,Ian Malcolm,Engineering,ORD-3099,193.00
1100,Julia Roberts,Marketing,ORD-3100,210.00
1101,Alice Smith,Billing,ORD-3101,227.00
1102,Bob Jones,Support,ORD-3102,244.00
1103,Charlie Brown,Sales,ORD-3103,261.00
1104,Diana Prince,Engineering,ORD-3104,278.00
1105,Evan Wright,Marketing,ORD-3105,295.00
1106,Fiona Gallagher,Billing,ORD-3106,312.00
1107,George Clark,Support,ORD-3107,329.00
1108,Hannah Abbott,Sales,ORD-3108,346.00
1109,Ian Malcolm,Engineering,ORD-3109,363.00
1110,Julia Roberts,Marketing,ORD-3110,380.00
1111,Alice Smith,Billing,ORD-3111,397.00
1112,Bob Jones,Support,ORD-3112,414.00
1113,Charlie Brown,Sales,ORD-3113,431.00
1114,Diana Prince,Engineering,ORD-3114,448.00
1115,Evan Wright,Marketing,ORD-3115,465.00
1116,Fiona Gallagher,Billing,ORD-3116,482.00
1117,George Clark,Support,ORD-3117,499.00
1118,Hannah Abbott,Sales,ORD-3118,16.00
1119,Ian Malcolm,Engineering,ORD-3119,33.00
1120,Julia Roberts,Marketing,ORD-3120,50.00
1121,Alice Smith,Billing,ORD-3121,67.00
1122,Bob Jones,Support,ORD-3122,84.00
1123,Charlie Brown,Sales,ORD-3123,101.00
1124,Diana Prince,Engineering,ORD-3124,118.00
1125,Evan Wright,Marketing,ORD-3125,135.00
1126,Fiona Gallagher,Billing,ORD-3126,152.00
1127,George Clark,Support,ORD-3127,169.00
1128,Hannah Abbott,Sales,ORD-3128,186.00
1129,Ian Malcolm,Engineering,ORD-3129,203.00
1130,Julia Roberts,Marketing,ORD-3130,220.00
1131,Alice Smith,Billing,ORD-3131,237.00
1132,Bob Jones,Support,ORD-3132,254.00
1133,Charlie Brown,Sales,ORD-3133,271.00
1134,Diana Prince,Engineering,ORD-3134,288.00
1135,Evan Wright,Marketing,ORD-3135,305.00
1136,Fiona Gallagher,Billing,ORD-3136,322.00
1137,George Clark,Support,ORD-3137,339.00
1138,Hannah Abbott,Sales,ORD-3138,356.00
1139,Ian Malcolm,Engineering,ORD-3139,373.00
1140,Julia Roberts,Marketing,ORD-3140,390.00
1141,Alice Smith,Billing,ORD-3141,407.00
1142,Bob Jones,Support,ORD-3142,424.00
1143,Charlie Brown,Sales,ORD-3143,441.00
1144,Diana Prince,Engineering,ORD-3144,458.00
1145,Evan Wright,Marketing,ORD-3145,475.00
1146,Fiona Gallagher,Billing,ORD-3146,492.00
1147,George Clark,Support,ORD-3147,509.00
1148,Hannah Abbott,Sales,ORD-3148,26.00
1149,Ian Malcolm,Engineering,ORD-3149,43.00
1150,Julia Roberts,Marketing,ORD-3150,60.00
1151,Alice Smith,Billing,ORD-3151,77.00
1152,Bob Jones,Support,ORD-3152,94.00
1153,Charlie Brown,Sales,ORD-3153,111.00
1154,Diana Prince,Engineering,ORD-3154,128.00
1155,Evan Wright,Marketing,ORD-3155,145.00
1156,Fiona Gallagher,Billing,ORD-3156,162.00
1157,George Clark,Support,ORD-3157,179.00
1158,Hannah Abbott,Sales,ORD-3158,196.00
1159,Ian Malcolm,Engineering,ORD-3159,213.00
1160,Julia Roberts,Marketing,ORD-3160,230.00
1161,Alice Smith,Billing,ORD-3161,247.00
1162,Bob Jones,Support,ORD-3162,264.00
1163,Charlie Brown,Sales,ORD-3163,281.00
1164,Diana Prince,Engineering,ORD-3164,298.00
1165,Evan Wright,Marketing,ORD-3165,315.00
1166,Fiona Gallagher,Billing,ORD-3166,332.00
1167,George Clark,Support,ORD-3167,349.00
1168,Hannah Abbott,Sales,ORD-3168,366.00
1169,Ian Malcolm,Engineering,ORD-3169,383.00
1170,Julia Roberts,Marketing,ORD-3170,400.00
1171,Alice Smith,Billing,ORD-3171,417.00
1172,Bob Jones,Support,ORD-3172,434.00
1173,Charlie Brown,Sales,ORD-3173,451.00
1174,Diana Prince,Engineering,ORD-3174,468.00
1175,Evan Wright,Marketing,ORD-3175,485.00
1176,Fiona Gallagher,Billing,ORD-3176,502.00
1177,George Clark,Support,ORD-3177,19.00
1178,Hannah Abbott,Sales,ORD-3178,36.00
1179,Ian Malcolm,Engineering,ORD-3179,53.00
1180,Julia Roberts,Marketing,ORD-3180,70.00
1181,Alice Smith,Billing,ORD-3181,87.00
1182,Bob Jones,Support,ORD-3182,104.00
1183,Charlie Brown,Sales,ORD-3183,121.00
1184,Diana Prince,Engineering,ORD-3184,138.00
1185,Evan Wright,Marketing,ORD-3185,155.00
1186,Fiona Gallagher,Billing,ORD-3186,172.00
1187,George Clark,Support,ORD-3187,189.00
1188,Hannah Abbott,Sales,ORD-3188,206.00
1189,Ian Malcolm,Engineering,ORD-3189,223.00
1190,Julia Roberts,Marketing,ORD-3190,240.00
1191,Alice Smith,Billing,ORD-3191,257.00
1192,Bob Jones,Support,ORD-3192,274.00
1193,Charlie Brown,Sales,ORD-3193,291.00
1194,Diana Prince,Engineering,ORD-3194,308.00
1195,Evan Wright,Marketing,ORD-3195,325.00
1196,Fiona Gallagher,Billing,ORD-3196,342.00
1197,George Clark,Support,ORD-3197,359.00
1198,Hannah Abbott,Sales,ORD-3198,376.00
1199,Ian Malcolm,Engineering,ORD-3199,393.00
1200,Julia Roberts,Marketing,ORD-3200,410.00
1201,Alice Smith,Billing,ORD-3201,427.00
1202,Bob Jones,Support,ORD-3202,444.00
1203,Charlie Brown,Sales,ORD-3203,461.00
1204,Diana Prince,Engineering,ORD-3204,478.00
1205,Evan Wright,Marketing,ORD-3205,495.00
1206,Fiona Gallagher,Billing,ORD-3206,12.00
1207,George Clark,Support,ORD-3207,29.00
1208,Hannah Abbott,Sales,ORD-3208,46.00
1209,Ian Malcolm,Engineering,ORD-3209,63.00
1210,Julia Roberts,Marketing,ORD-3210,80.00
1211,Alice Smith,Billing,ORD-3211,97.00
1212,Bob Jones,Support,ORD-3212,114.00
1213,Charlie Brown,Sales,ORD-3213,131.00
1214,Diana Prince,Engineering,ORD-3214,148.00
1215,Evan Wright,Marketing,ORD-3215,165.00
1216,Fiona Gallagher,Billing,ORD-3216,182.00
1217,George Clark,Support,ORD-3217,199.00
1218,Hannah Abbott,Sales,ORD-3218,216.00
1219,Ian Malcolm,Engineering,ORD-3219,233.00
1220,Julia Roberts,Marketing,ORD-3220,250.00
1221,Alice Smith,Billing,ORD-3221,267.00
1222,Bob Jones,Support,ORD-3222,284.00
1223,Charlie Brown,Sales,ORD-3223,301.00
1224,Diana Prince,Engineering,ORD-3224,318.00
1225,Evan Wright,Marketing,ORD-3225,335.00
1226,Fiona Gallagher,Billing,ORD-3226,352.00
1227,George Clark,Support,ORD-3227,369.00
1228,Hannah Abbott,Sales,ORD-3228,386.00
1229,Ian Malcolm,Engineering,ORD-3229,403.00
1230,Julia Roberts,Marketing,ORD-3230,420.00
1231,Alice Smith,Billing,ORD-3231,437.00
1232,Bob Jones,Support,ORD-3232,454.00
1233,Charlie Brown,Sales,ORD-3233,471.00
1234,Diana Prince,Engineering,ORD-3234,488.00
1235,Evan Wright,Marketing,ORD-3235,505.00
1236,Fiona Gallagher,Billing,ORD-3236,22.00
1237,George Clark,Support,ORD-3237,39.00
1238,Hannah Abbott,Sales,ORD-3238,56.00
1239,Ian Malcolm,Engineering,ORD-3239,73.00
1240,Julia Roberts,Marketing,ORD-3240,90.00
1241,Alice Smith,Billing,ORD-3241,107.00
1242,Bob Jones,Support,ORD-3242,124.00
1243,Charlie Brown,Sales,ORD-3243,141.00
1244,Diana Prince,Engineering,ORD-3244,158.00
1245,Evan Wright,Marketing,ORD-3245,175.00
1246,Fiona Gallagher,Billing,ORD-3246,192.00
1247,George Clark,Support,ORD-3247,209.00
1248,Hannah Abbott,Sales,ORD-3248,226.00
1249,Ian Malcolm,Engineering,ORD-3249,243.00
1250,Julia Roberts,Marketing,ORD-3250,260.00
1251,Alice Smith,Billing,ORD-3251,277.00
1252,Bob Jones,Support,ORD-3252,294.00
1253,Charlie Brown,Sales,ORD-3253,311.00
1254,Diana Prince,Engineering,ORD-3254,328.00
1255,Evan Wright,Marketing,ORD-3255,345.00
1256,Fiona Gallagher,Billing,ORD-3256,362.00
1257,George Clark,Support,ORD-3257,379.00
1258,Hannah Abbott,Sales,ORD-3258,396.00
1259,Ian Malcolm,Engineering,ORD-3259,413.00
1260,Julia Roberts,Marketing,ORD-3260,430.00
1261,Alice Smith,Billing,ORD-3261,447.00
1262,Bob Jones,Support,ORD-3262,464.00
1263,Charlie Brown,Sales,ORD-3263,481.00
1264,Diana Prince,Engineering,ORD-3264,498.00
1265,Evan Wright,Marketing,ORD-3265,15.00
1266,Fiona Gallagher,Billing,ORD-3266,32.00
1267,George Clark,Support,ORD-3267,49.00
1268,Hannah Abbott,Sales,ORD-3268,66.00
1269,Ian Malcolm,Engineering,ORD-3269,83.00
1270,Julia Roberts,Marketing,ORD-3270,100.00
1271,Alice Smith,Billing,ORD-3271,117.00
1272,Bob Jones,Support,ORD-3272,134.00
1273,Charlie Brown,Sales,ORD-3273,151.00
1274,Diana Prince,Engineering,ORD-3274,168.00
1275,Evan Wright,Marketing,ORD-3275,185.00
1276,Fiona Gallagher,Billing,ORD-3276,202.00
1277,George Clark,Support,ORD-3277,219.00
1278,Hannah Abbott,Sales,ORD-3278,236.00
1279,Ian Malcolm,Engineering,ORD-3279,253.00
1280,Julia Roberts,Marketing,ORD-3280,270.00
1281,Alice Smith,Billing,ORD-3281,287.00
1282,Bob Jones,Support,ORD-3282,304.00
1283,Charlie Brown,Sales,ORD-3283,321.00
1284,Diana Prince,Engineering,ORD-3284,338.00
1285,Evan Wright,Marketing,ORD-3285,355.00
1286,Fiona Gallagher,Billing,ORD-3286,372.00
1287,George Clark,Support,ORD-3287,389.00
1288,Hannah Abbott,Sales,ORD-3288,406.00
1289,Ian Malcolm,Engineering,ORD-3289,423.00
1290,Julia Roberts,Marketing,ORD-3290,440.00
1291,Alice Smith,Billing,ORD-3291,457.00
1292,Bob Jones,Support,ORD-3292,474.00
1293,Charlie Brown,Sales,ORD-3293,491.00
1294,Diana Prince,Engineering,ORD-3294,508.00
1295,Evan Wright,Marketing,ORD-3295,25.00
1296,Fiona Gallagher,Billing,ORD-3296,42.00
1297,George Clark,Support,ORD-3297,59.00
1298,Hannah Abbott,Sales,ORD-3298,76.00
1299,Ian Malcolm,Engineering,ORD-3299,93.00
1300,Julia Roberts,Marketing,ORD-3300,110.00
1301,Alice Smith,Billing,ORD-3301,127.00
1302,Bob Jones,Support,ORD-3302,144.00
1303,Charlie Brown,Sales,ORD-3303,161.00
1304,Diana Prince,Engineering,ORD-3304,178.00
1305,Evan Wright,Marketing,ORD-3305,195.00
1306,Fiona Gallagher,Billing,ORD-3306,212.00
1307,George Clark,Support,ORD-3307,229.00
1308,Hannah Abbott,Sales,ORD-3308,246.00
1309,Ian Malcolm,Engineering,ORD-3309,263.00
1310,Julia Roberts,Marketing,ORD-3310,280.00
1311,Alice Smith,Billing,ORD-3311,297.00
1312,Bob Jones,Support,ORD-3312,314.00
1313,Charlie Brown,Sales,ORD-3313,331.00
1314,Diana Prince,Engineering,ORD-3314,348.00
1315,Evan Wright,Marketing,ORD-3315,365.00
1316,Fiona Gallagher,Billing,ORD-3316,382.00
1317,George Clark,Support,ORD-3317,399.00
1318,Hannah Abbott,Sales,ORD-3318,416.00
1319,Ian Malcolm,Engineering,ORD-3319,433.00
1320,Julia Roberts,Marketing,ORD-3320,450.00
1321,Alice Smith,Billing,ORD-3321,467.00
1322,Bob Jones,Support,ORD-3322,484.00
1323,Charlie Brown,Sales,ORD-3323,501.00
1324,Diana Prince,Engineering,ORD-3324,18.00
1325,Evan Wright,Marketing,ORD-3325,35.00
1326,Fiona Gallagher,Billing,ORD-3326,52.00
1327,George Clark,Support,ORD-3327,69.00
1328,Hannah Abbott,Sales,ORD-3328,86.00
1329,Ian Malcolm,Engineering,ORD-3329,103.00
1330,Julia Roberts,Marketing,ORD-3330,120.00
1331,Alice Smith,Billing,ORD-3331,137.00
1332,Bob Jones,Support,ORD-3332,154.00
1333,Charlie Brown,Sales,ORD-3333,171.00
1334,Diana Prince,Engineering,ORD-3334,188.00
1335,Evan Wright,Marketing,ORD-3335,205.00
1336,Fiona Gallagher,Billing,ORD-3336,222.00
1337,George Clark,Support,ORD-3337,239.00
1338,Hannah Abbott,Sales,ORD-3338,256.00
1339,Ian Malcolm,Engineering,ORD-3339,273.00
1340,Julia Roberts,Marketing,ORD-3340,290.00
1341,Alice Smith,Billing,ORD-3341,307.00
1342,Bob Jones,Support,ORD-3342,324.00
1343,Charlie Brown,Sales,ORD-3343,341.00
1344,Diana Prince,Engineering,ORD-3344,358.00
1345,Evan Wright,Marketing,ORD-3345,375.00
1346,Fiona Gallagher,Billing,ORD-3346,392.00
1347,George Clark,Support,ORD-3347,409.00
1348,Hannah Abbott,Sales,ORD-3348,426.00
1349,Ian Malcolm,Engineering,ORD-3349,443.00
1350,Julia Roberts,Marketing,ORD-3350,460.00
1351,Alice Smith,Billing,ORD-3351,477.00
1352,Bob Jones,Support,ORD-3352,494.00
1353,Charlie Brown,Sales,ORD-3353,11.00
1354,Diana Prince,Engineering,ORD-3354,28.00
1355,Evan Wright,Marketing,ORD-3355,45.00
1356,Fiona Gallagher,Billing,ORD-3356,62.00
1357,George Clark,Support,ORD-3357,79.00
1358,Hannah Abbott,Sales,ORD-3358,96.00
1359,Ian Malcolm,Engineering,ORD-3359,113.00
1360,Julia Roberts,Marketing,ORD-3360,130.00
1361,Alice Smith,Billing,ORD-3361,147.00
1362,Bob Jones,Support,ORD-3362,164.00
1363,Charlie Brown,Sales,ORD-3363,181.00
1364,Diana Prince,Engineering,ORD-3364,198.00
1365,Evan Wright,Marketing,ORD-3365,215.00
1366,Fiona Gallagher,Billing,ORD-3366,232.00
1367,George Clark,Support,ORD-3367,249.00
1368,Hannah Abbott,Sales,ORD-3368,266.00
1369,Ian Malcolm,Engineering,ORD-3369,283.00
1370,Julia Roberts,Marketing,ORD-3370,300.00
1371,Alice Smith,Billing,ORD-3371,317.00
1372,Bob Jones,Support,ORD-3372,334.00
1373,Charlie Brown,Sales,ORD-3373,351.00
1374,Diana Prince,Engineering,ORD-3374,368.00
1375,Evan Wright,Marketing,ORD-3375,385.00
1376,Fiona Gallagher,Billing,ORD-3376,402.00
1377,George Clark,Support,ORD-3377,419.00
1378,Hannah Abbott,Sales,ORD-3378,436.00
1379,Ian Malcolm,Engineering,ORD-3379,453.00
1380,Julia Roberts,Marketing,ORD-3380,470.00
1381,Alice Smith,Billing,ORD-3381,487.00
1382,Bob Jones,Support,ORD-3382,504.00
1383,Charlie Brown,Sales,ORD-3383,21.00
1384,Diana Prince,Engineering,ORD-3384,38.00
1385,Evan Wright,Marketing,ORD-3385,55.00
1386,Fiona Gallagher,Billing,ORD-3386,72.00
1387,George Clark,Support,ORD-3387,89.00
1388,Hannah Abbott,Sales,ORD-3388,106.00
1389,Ian Malcolm,Engineering,ORD-3389,123.00
1390,Julia Roberts,Marketing,ORD-3390,140.00
1391,Alice Smith,Billing,ORD-3391,157.00
1392,Bob Jones,Support,ORD-3392,174.00
1393,Charlie Brown,Sales,ORD-3393,191.00
1394,Diana Prince,Engineering,ORD-3394,208.00
1395,Evan Wright,Marketing,ORD-3395,225.00
1396,Fiona Gallagher,Billing,ORD-3396,242.00
1397,George Clark,Support,ORD-3397,259.00
1398,Hannah Abbott,Sales,ORD-3398,276.00
1399,Ian Malcolm,Engineering,ORD-3399,293.00
1400,Julia Roberts,Marketing,ORD-3400,310.00
1401,Alice Smith,Billing,ORD-3401,327.00
1402,Bob Jones,Support,ORD-3402,344.00
1403,Charlie Brown,Sales,ORD-3403,361.00
1404,Diana Prince,Engineering,ORD-3404,378.00
1405,Evan Wright,Marketing,ORD-3405,395.00
1406,Fiona Gallagher,Billing,ORD-3406,412.00
1407,George Clark,Support,ORD-3407,429.00
1408,Hannah Abbott,Sales,ORD-3408,446.00
1409,Ian Malcolm,Engineering,ORD-3409,463.00
1410,Julia Roberts,Marketing,ORD-3410,480.00
1411,Alice Smith,Billing,ORD-3411,497.00
1412,Bob Jones,Support,ORD-3412,14.00
1413,Charlie Brown,Sales,ORD-3413,31.00
1414,Diana Prince,Engineering,ORD-3414,48.00
1415,Evan Wright,Marketing,ORD-3415,65.00
1416,Fiona Gallagher,Billing,ORD-3416,82.00
1417,George Clark,Support,ORD-3417,99.00
1418,Hannah Abbott,Sales,ORD-3418,116.00
1419,Ian Malcolm,Engineering,ORD-3419,133.00
1420,Julia Roberts,Marketing,ORD-3420,150.00
1421,Alice Smith,Billing,ORD-3421,167.00
1422,Bob Jones,Support,ORD-3422,184.00
1423,Charlie Brown,Sales,ORD-3423,201.00
1424,Diana Prince,Engineering,ORD-3424,218.00
1425,Evan Wright,Marketing,ORD-3425,235.00
1426,Fiona Gallagher,Billing,ORD-3426,252.00
1427,George Clark,Support,ORD-3427,269.00
1428,Hannah Abbott,Sales,ORD-3428,286.00
1429,Ian Malcolm,Engineering,ORD-3429,303.00
1430,Julia Roberts,Marketing,ORD-3430,320.00
1431,Alice Smith,Billing,ORD-3431,337.00
1432,Bob Jones,Support,ORD-3432,354.00
1433,Charlie Brown,Sales,ORD-3433,371.00
1434,Diana Prince,Engineering,ORD-3434,388.00
1435,Evan Wright,Marketing,ORD-3435,405.00
1436,Fiona Gallagher,Billing,ORD-3436,422.00
1437,George Clark,Support,ORD-3437,439.00
1438,Hannah Abbott,Sales,ORD-3438,456.00
1439,Ian Malcolm,Engineering,ORD-3439,473.00
1440,Julia Roberts,Marketing,ORD-3440,490.00
1441,Alice Smith,Billing,ORD-3441,507.00
1442,Bob Jones,Support,ORD-3442,24.00
1443,Charlie Brown,Sales,ORD-3443,41.00
1444,Diana Prince,Engineering,ORD-3444,58.00
1445,Evan Wright,Marketing,ORD-3445,75.00
1446,Fiona Gallagher,Billing,ORD-3446,92.00
1447,George Clark,Support,ORD-3447,109.00
1448,Hannah Abbott,Sales,ORD-3448,126.00
1449,Ian Malcolm,Engineering,ORD-3449,143.00
1450,Julia Roberts,Marketing,ORD-3450,160.00
1451,Alice Smith,Billing,ORD-3451,177.00
1452,Bob Jones,Support,ORD-3452,194.00
1453,Charlie Brown,Sales,ORD-3453,211.00
1454,Diana Prince,Engineering,ORD-3454,228.00
1455,Evan Wright,Marketing,ORD-3455,245.00
1456,Fiona Gallagher,Billing,ORD-3456,262.00
1457,George Clark,Support,ORD-3457,279.00
1458,Hannah Abbott,Sales,ORD-3458,296.00
1459,Ian Malcolm,Engineering,ORD-3459,313.00
1460,Julia Roberts,Marketing,ORD-3460,330.00
1461,Alice Smith,Billing,ORD-3461,347.00
1462,Bob Jones,Support,ORD-3462,364.00
1463,Charlie Brown,Sales,ORD-3463,381.00
1464,Diana Prince,Engineering,ORD-3464,398.00
1465,Evan Wright,Marketing,ORD-3465,415.00
1466,Fiona Gallagher,Billing,ORD-3466,432.00
1467,George Clark,Support,ORD-3467,449.00
1468,Hannah Abbott,Sales,ORD-3468,466.00
1469,Ian Malcolm,Engineering,ORD-3469,483.00
1470,Julia Roberts,Marketing,ORD-3470,500.00
1471,Alice Smith,Billing,ORD-3471,17.00
1472,Bob Jones,Support,ORD-3472,34.00
1473,Charlie Brown,Sales,ORD-3473,51.00
1474,Diana Prince,Engineering,ORD-3474,68.00
1475,Evan Wright,Marketing,ORD-3475,85.00
1476,Fiona Gallagher,Billing,ORD-3476,102.00
1477,George Clark,Support,ORD-3477,119.00
1478,Hannah Abbott,Sales,ORD-3478,136.00
1479,Ian Malcolm,Engineering,ORD-3479,153.00
1480,Julia Roberts,Marketing,ORD-3480,170.00
1481,Alice Smith,Billing,ORD-3481,187.00
1482,Bob Jones,Support,ORD-3482,204.00
1483,Charlie Brown,Sales,ORD-3483,221.00
1484,Diana Prince,Engineering,ORD-3484,238.00
1485,Evan Wright,Marketing,ORD-3485,255.00
1486,Fiona Gallagher,Billing,ORD-3486,272.00
1487,George Clark,Support,ORD-3487,289.00
1488,Hannah Abbott,Sales,ORD-3488,306.00
1489,Ian Malcolm,Engineering,ORD-3489,323.00
1490,Julia Roberts,Marketing,ORD-3490,340.00
1491,Alice Smith,Billing,ORD-3491,357.00
1492,Bob Jones,Support,ORD-3492,374.00
1493,Charlie Brown,Sales,ORD-3493,391.00
1494,Diana Prince,Engineering,ORD-3494,408.00
1495,Evan Wright,Marketing,ORD-3495,425.00
1496,Fiona Gallagher,Billing,ORD-3496,442.00
1497,George Clark,Support,ORD-3497,459.00
1498,Hannah Abbott,Sales,ORD-3498,476.00
1499,Ian Malcolm,Engineering,ORD-3499,493.00
1500,Julia Roberts,Marketing,ORD-3500,10.00
1501,Alice Smith,Billing,ORD-3501,27.00
1502,Bob Jones,Support,ORD-3502,44.00
1503,Charlie Brown,Sales,ORD-3503,61.00
1504,Diana Prince,Engineering,ORD-3504,78.00
1505,Evan Wright,Marketing,ORD-3505,95.00
1506,Fiona Gallagher,Billing,ORD-3506,112.00
1507,George Clark,Support,ORD-3507,129.00
1508,Hannah Abbott,Sales,ORD-3508,146.00
1509,Ian Malcolm,Engineering,ORD-3509,163.00
1510,Julia Roberts,Marketing,ORD-3510,180.00
1511,Alice Smith,Billing,ORD-3511,197.00
1512,Bob Jones,Support,ORD-3512,214.00
1513,Charlie Brown,Sales,ORD-3513,231.00
1514,Diana Prince,Engineering,ORD-3514,248.00
1515,Evan Wright,Marketing,ORD-3515,265.00
1516,Fiona Gallagher,Billing,ORD-3516,282.00
1517,George Clark,Support,ORD-3517,299.00
1518,Hannah Abbott,Sales,ORD-3518,316.00
1519,Ian Malcolm,Engineering,ORD-3519,333.00
1520,Julia Roberts,Marketing,ORD-3520,350.00
1521,Alice Smith,Billing,ORD-3521,367.00
1522,Bob Jones,Support,ORD-3522,384.00
1523,Charlie Brown,Sales,ORD-3523,401.00
1524,Diana Prince,Engineering,ORD-3524,418.00
1525,Evan Wright,Marketing,ORD-3525,435.00
1526,Fiona Gallagher,Billing,ORD-3526,452.00
1527,George Clark,Support,ORD-3527,469.00
1528,Hannah Abbott,Sales,ORD-3528,486.00
1529,Ian Malcolm,Engineering,ORD-3529,503.00
1530,Julia Roberts,Marketing,ORD-3530,20.00
1531,Alice Smith,Billing,ORD-3531,37.00
1532,Bob Jones,Support,ORD-3532,54.00
1533,Charlie Brown,Sales,ORD-3533,71.00
1534,Diana Prince,Engineering,ORD-3534,88.00
1535,Evan Wright,Marketing,ORD-3535,105.00
1536,Fiona Gallagher,Billing,ORD-3536,122.00
1537,George Clark,Support,ORD-3537,139.00
1538,Hannah Abbott,Sales,ORD-3538,156.00
1539,Ian Malcolm,Engineering,ORD-3539,173.00
1540,Julia Roberts,Marketing,ORD-3540,190.00
1541,Alice Smith,Billing,ORD-3541,207.00
1542,Bob Jones,Support,ORD-3542,224.00
1543,Charlie Brown,Sales,ORD-3543,241.00
1544,Diana Prince,Engineering,ORD-3544,258.00
1545,Evan Wright,Marketing,ORD-3545,275.00
1546,Fiona Gallagher,Billing,ORD-3546,292.00
1547,George Clark,Support,ORD-3547,309.00
1548,Hannah Abbott,Sales,ORD-3548,326.00
1549,Ian Malcolm,Engineering,ORD-3549,343.00
1550,Julia Roberts,Marketing,ORD-3550,360.00
1551,Alice Smith,Billing,ORD-3551,377.00
1552,Bob Jones,Support,ORD-3552,394.00
1553,Charlie Brown,Sales,ORD-3553,411.00
1554,Diana Prince,Engineering,ORD-3554,428.00
1555,Evan Wright,Marketing,ORD-3555,445.00
1556,Fiona Gallagher,Billing,ORD-3556,462.00
1557,George Clark,Support,ORD-3557,479.00
1558,Hannah Abbott,Sales,ORD-3558,496.00
1559,Ian Malcolm,Engineering,ORD-3559,13.00
1560,Julia Roberts,Marketing,ORD-3560,30.00
1561,Alice Smith,Billing,ORD-3561,47.00
1562,Bob Jones,Support,ORD-3562,64.00
1563,Charlie Brown,Sales,ORD-3563,81.00
1564,Diana Prince,Engineering,ORD-3564,98.00
1565,Evan Wright,Marketing,ORD-3565,115.00
1566,Fiona Gallagher,Billing,ORD-3566,132.00
1567,George Clark,Support,ORD-3567,149.00
1568,Hannah Abbott,Sales,ORD-3568,166.00
1569,Ian Malcolm,Engineering,ORD-3569,183.00
1570,Julia Roberts,Marketing,ORD-3570,200.00
1571,Alice Smith,Billing,ORD-3571,217.00
1572,Bob Jones,Support,ORD-3572,234.00
1573,Charlie Brown,Sales,ORD-3573,251.00
1574,Diana Prince,Engineering,ORD-3574,268.00
1575,Evan Wright,Marketing,ORD-3575,285.00
1576,Fiona Gallagher,Billing,ORD-3576,302.00
1577,George Clark,Support,ORD-3577,319.00
1578,Hannah Abbott,Sales,ORD-3578,336.00
1579,Ian Malcolm,Engineering,ORD-3579,353.00
1580,Julia Roberts,Marketing,ORD-3580,370.00
1581,Alice Smith,Billing,ORD-3581,387.00
1582,Bob Jones,Support,ORD-3582,404.00
1583,Charlie Brown,Sales,ORD-3583,421.00
1584,Diana Prince,Engineering,ORD-3584,438.00
1585,Evan Wright,Marketing,ORD-3585,455.00
1586,Fiona Gallagher,Billing,ORD-3586,472.00
1587,George Clark,Support,ORD-3587,489.00
1588,Hannah Abbott,Sales,ORD-3588,506.00
1589,Ian Malcolm,Engineering,ORD-3589,23.00
1590,Julia Roberts,Marketing,ORD-3590,40.00
1591,Alice Smith,Billing,ORD-3591,57.00
1592,Bob Jones,Support,ORD-3592,74.00
1593,Charlie Brown,Sales,ORD-3593,91.00
1594,Diana Prince,Engineering,ORD-3594,108.00
1595,Evan Wright,Marketing,ORD-3595,125.00
1596,Fiona Gallagher,Billing,ORD-3596,142.00
1597,George Clark,Support,ORD-3597,159.00
1598,Hannah Abbott,Sales,ORD-3598,176.00
1599,Ian Malcolm,Engineering,ORD-3599,193.00
1600,Julia Roberts,Marketing,ORD-3600,210.00
1601,Alice Smith,Billing,ORD-3601,227.00
1602,Bob Jones,Support,ORD-3602,244.00
1603,Charlie Brown,Sales,ORD-3603,261.00
1604,Diana Prince,Engineering,ORD-3604,278.00
1605,Evan Wright,Marketing,ORD-3605,295.00
1606,Fiona Gallagher,Billing,ORD-3606,312.00
1607,George Clark,Support,ORD-3607,329.00
1608,Hannah Abbott,Sales,ORD-3608,346.00
1609,Ian Malcolm,Engineering,ORD-3609,363.00
1610,Julia Roberts,Marketing,ORD-3610,380.00
1611,Alice Smith,Billing,ORD-3611,397.00
1612,Bob Jones,Support,ORD-3612,414.00
1613,Charlie Brown,Sales,ORD-3613,431.00
1614,Diana Prince,Engineering,ORD-3614,448.00
1615,Evan Wright,Marketing,ORD-3615,465.00
1616,Fiona Gallagher,Billing,ORD-3616,482.00
1617,George Clark,Support,ORD-3617,499.00
1618,Hannah Abbott,Sales,ORD-3618,16.00
1619,Ian Malcolm,Engineering,ORD-3619,33.00
1620,Julia Roberts,Marketing,ORD-3620,50.00
1621,Alice Smith,Billing,ORD-3621,67.00
1622,Bob Jones,Support,ORD-3622,84.00
1623,Charlie Brown,Sales,ORD-3623,101.00
1624,Diana Prince,Engineering,ORD-3624,118.00
1625,Evan Wright,Marketing,ORD-3625,135.00
1626,Fiona Gallagher,Billing,ORD-3626,152.00
1627,George Clark,Support,ORD-3627,169.00
1628,Hannah Abbott,Sales,ORD-3628,186.00
1629,Ian Malcolm,Engineering,ORD-3629,203.00
1630,Julia Roberts,Marketing,ORD-3630,220.00
1631,Alice Smith,Billing,ORD-3631,237.00
1632,Bob Jones,Support,ORD-3632,254.00
1633,Charlie Brown,Sales,ORD-3633,271.00
1634,Diana Prince,Engineering,ORD-3634,288.00
1635,Evan Wright,Marketing,ORD-3635,305.00
1636,Fiona Gallagher,Billing,ORD-3636,322.00
1637,George Clark,Support,ORD-3637,339.00
1638,Hannah Abbott,Sales,ORD-3638,356.00
1639,Ian Malcolm,Engineering,ORD-3639,373.00
1640,Julia Roberts,Marketing,ORD-3640,390.00
1641,Alice Smith,Billing,ORD-3641,407.00
1642,Bob Jones,Support,ORD-3642,424.00
1643,Charlie Brown,Sales,ORD-3643,441.00
1644,Diana Prince,Engineering,ORD-3644,458.00
1645,Evan Wright,Marketing,ORD-3645,475.00
1646,Fiona Gallagher,Billing,ORD-3646,492.00
1647,George Clark,Support,ORD-3647,509.00
1648,Hannah Abbott,Sales,ORD-3648,26.00
1649,Ian Malcolm,Engineering,ORD-3649,43.00
1650,Julia Roberts,Marketing,ORD-3650,60.00
1651,Alice Smith,Billing,ORD-3651,77.00
1652,Bob Jones,Support,ORD-3652,94.00
1653,Charlie Brown,Sales,ORD-3653,111.00
1654,Diana Prince,Engineering,ORD-3654,128.00
1655,Evan Wright,Marketing,ORD-3655,145.00
1656,Fiona Gallagher,Billing,ORD-3656,162.00
1657,George Clark,Support,ORD-3657,179.00
1658,Hannah Abbott,Sales,ORD-3658,196.00
1659,Ian Malcolm,Engineering,ORD-3659,213.00
1660,Julia Roberts,Marketing,ORD-3660,230.00
1661,Alice Smith,Billing,ORD-3661,247.00
1662,Bob Jones,Support,ORD-3662,264.00
1663,Charlie Brown,Sales,ORD-3663,281.00
1664,Diana Prince,Engineering,ORD-3664,298.00
1665,Evan Wright,Marketing,ORD-3665,315.00
1666,Fiona Gallagher,Billing,ORD-3666,332.00
1667,George Clark,Support,ORD-3667,349.00
1668,Hannah Abbott,Sales,ORD-3668,366.00
1669,Ian Malcolm,Engineering,ORD-3669,383.00
1670,Julia Roberts,Marketing,ORD-3670,400.00
1671,Alice Smith,Billing,ORD-3671,417.00
1672,Bob Jones,Support,ORD-3672,434.00
1673,Charlie Brown,Sales,ORD-3673,451.00
1674,Diana Prince,Engineering,ORD-3674,468.00
1675,Evan Wright,Marketing,ORD-3675,485.00
1676,Fiona Gallagher,Billing,ORD-3676,502.00
1677,George Clark,Support,ORD-3677,19.00
1678,Hannah Abbott,Sales,ORD-3678,36.00
1679,Ian Malcolm,Engineering,ORD-3679,53.00
1680,Julia Roberts,Marketing,ORD-3680,70.00
1681,Alice Smith,Billing,ORD-3681,87.00
1682,Bob Jones,Support,ORD-3682,104.00
1683,Charlie Brown,Sales,ORD-3683,121.00
1684,Diana Prince,Engineering,ORD-3684,138.00
1685,Evan Wright,Marketing,ORD-3685,155.00
1686,Fiona Gallagher,Billing,ORD-3686,172.00
1687,George Clark,Support,ORD-3687,189.00
1688,Hannah Abbott,Sales,ORD-3688,206.00
1689,Ian Malcolm,Engineering,ORD-3689,223.00
1690,Julia Roberts,Marketing,ORD-3690,240.00
1691,Alice Smith,Billing,ORD-3691,257.00
1692,Bob Jones,Support,ORD-3692,274.00
1693,Charlie Brown,Sales,ORD-3693,291.00
1694,Diana Prince,Engineering,ORD-3694,308.00
1695,Evan Wright,Marketing,ORD-3695,325.00
1696,Fiona Gallagher,Billing,ORD-3696,342.00
1697,George Clark,Support,ORD-3697,359.00
1698,Hannah Abbott,Sales,ORD-3698,376.00
1699,Ian Malcolm,Engineering,ORD-3699,393.00
1700,Julia Roberts,Marketing,ORD-3700,410.00
1701,Alice Smith,Billing,ORD-3701,427.00
1702,Bob Jones,Support,ORD-3702,444.00
1703,Charlie Brown,Sales,ORD-3703,461.00
1704,Diana Prince,Engineering,ORD-3704,478.00
1705,Evan Wright,Marketing,ORD-3705,495.00
1706,Fiona Gallagher,Billing,ORD-3706,12.00
1707,George Clark,Support,ORD-3707,29.00
1708,Hannah Abbott,Sales,ORD-3708,46.00
1709,Ian Malcolm,Engineering,ORD-3709,63.00
1710,Julia Roberts,Marketing,ORD-3710,80.00
1711,Alice Smith,Billing,ORD-3711,97.00
1712,Bob Jones,Support,ORD-3712,114.00
1713,Charlie Brown,Sales,ORD-3713,131.00
1714,Diana Prince,Engineering,ORD-3714,148.00
1715,Evan Wright,Marketing,ORD-3715,165.00
1716,Fiona Gallagher,Billing,ORD-3716,182.00
1717,George Clark,Support,ORD-3717,199.00
1718,Hannah Abbott,Sales,ORD-3718,216.00
1719,Ian Malcolm,Engineering,ORD-3719,233.00
1720,Julia Roberts,Marketing,ORD-3720,250.00
1721,Alice Smith,Billing,ORD-3721,267.00
1722,Bob Jones,Support,ORD-3722,284.00
1723,Charlie Brown,Sales,ORD-3723,301.00
1724,Diana Prince,Engineering,ORD-3724,318.00
1725,Evan Wright,Marketing,ORD-3725,335.00
1726,Fiona Gallagher,Billing,ORD-3726,352.00
1727,George Clark,Support,ORD-3727,369.00
1728,Hannah Abbott,Sales,ORD-3728,386.00
1729,Ian Malcolm,Engineering,ORD-3729,403.00
1730,Julia Roberts,Marketing,ORD-3730,420.00
1731,Alice Smith,Billing,ORD-3731,437.00
1732,Bob Jones,Support,ORD-3732,454.00
1733,Charlie Brown,Sales,ORD-3733,471.00
1734,Diana Prince,Engineering,ORD-3734,488.00
1735,Evan Wright,Marketing,ORD-3735,505.00
1736,Fiona Gallagher,Billing,ORD-3736,22.00
1737,George Clark,Support,ORD-3737,39.00
1738,Hannah Abbott,Sales,ORD-3738,56.00
1739,Ian Malcolm,Engineering,ORD-3739,73.00
1740,Julia Roberts,Marketing,ORD-3740,90.00
1741,Alice Smith,Billing,ORD-3741,107.00
1742,Bob Jones,Support,ORD-3742,124.00
1743,Charlie Brown,Sales,ORD-3743,141.00
1744,Diana Prince,Engineering,ORD-3744,158.00
1745,Evan Wright,Marketing,ORD-3745,175.00
1746,Fiona Gallagher,Billing,ORD-3746,192.00
1747,George Clark,Support,ORD-3747,209.00
1748,Hannah Abbott,Sales,ORD-3748,226.00
1749,Ian Malcolm,Engineering,ORD-3749,243.00
1750,Julia Roberts,Marketing,ORD-3750,260.00
1751,Alice Smith,Billing,ORD-3751,277.00
1752,Bob Jones,Support,ORD-3752,294.00
1753,Charlie Brown,Sales,ORD-3753,311.00
1754,Diana Prince,Engineering,ORD-3754,328.00
1755,Evan Wright,Marketing,ORD-3755,345.00
1756,Fiona Gallagher,Billing,ORD-3756,362.00
1757,George Clark,Support,ORD-3757,379.00
1758,Hannah Abbott,Sales,ORD-3758,396.00
1759,Ian Malcolm,Engineering,ORD-3759,413.00
1760,Julia Roberts,Marketing,ORD-3760,430.00
1761,Alice Smith,Billing,ORD-3761,447.00
1762,Bob Jones,Support,ORD-3762,464.00
1763,Charlie Brown,Sales,ORD-3763,481.00
1764,Diana Prince,Engineering,ORD-3764,498.00
1765,Evan Wright,Marketing,ORD-3765,15.00
1766,Fiona Gallagher,Billing,ORD-3766,32.00
1767,George Clark,Support,ORD-3767,49.00
1768,Hannah Abbott,Sales,ORD-3768,66.00
1769,Ian Malcolm,Engineering,ORD-3769,83.00
1770,Julia Roberts,Marketing,ORD-3770,100.00
1771,Alice Smith,Billing,ORD-3771,117.00
1772,Bob Jones,Support,ORD-3772,134.00
1773,Charlie Brown,Sales,ORD-3773,151.00
1774,Diana Prince,Engineering,ORD-3774,168.00
1775,Evan Wright,Marketing,ORD-3775,185.00
1776,Fiona Gallagher,Billing,ORD-3776,202.00
1777,George Clark,Support,ORD-3777,219.00
1778,Hannah Abbott,Sales,ORD-3778,236.00
1779,Ian Malcolm,Engineering,ORD-3779,253.00
1780,Julia Roberts,Marketing,ORD-3780,270.00
1781,Alice Smith,Billing,ORD-3781,287.00
1782,Bob Jones,Support,ORD-3782,304.00
1783,Charlie Brown,Sales,ORD-3783,321.00
1784,Diana Prince,Engineering,ORD-3784,338.00
1785,Evan Wright,Marketing,ORD-3785,355.00
1786,Fiona Gallagher,Billing,ORD-3786,372.00
1787,George Clark,Support,ORD-3787,389.00
1788,Hannah Abbott,Sales,ORD-3788,406.00
1789,Ian Malcolm,Engineering,ORD-3789,423.00
1790,Julia Roberts,Marketing,ORD-3790,440.00
1791,Alice Smith,Billing,ORD-3791,457.00
1792,Bob Jones,Support,ORD-3792,474.00
1793,Charlie Brown,Sales,ORD-3793,491.00
1794,Diana Prince,Engineering,ORD-3794,508.00
1795,Evan Wright,Marketing,ORD-3795,25.00
1796,Fiona Gallagher,Billing,ORD-3796,42.00
1797,George Clark,Support,ORD-3797,59.00
1798,Hannah Abbott,Sales,ORD-3798,76.00
1799,Ian Malcolm,Engineering,ORD-3799,93.00
1800,Julia Roberts,Marketing,ORD-3800,110.00
1801,Alice Smith,Billing,ORD-3801,127.00
1802,Bob Jones,Support,ORD-3802,144.00
1803,Charlie Brown,Sales,ORD-3803,161.00
1804,Diana Prince,Engineering,ORD-3804,178.00
1805,Evan Wright,Marketing,ORD-3805,195.00
1806,Fiona Gallagher,Billing,ORD-3806,212.00
1807,George Clark,Support,ORD-3807,229.00
1808,Hannah Abbott,Sales,ORD-3808,246.00
1809,Ian Malcolm,Engineering,ORD-3809,263.00
1810,Julia Roberts,Marketing,ORD-3810,280.00
1811,Alice Smith,Billing,ORD-3811,297.00
1812,Bob Jones,Support,ORD-3812,314.00
1813,Charlie Brown,Sales,ORD-3813,331.00
1814,Diana Prince,Engineering,ORD-3814,348.00
1815,Evan Wright,Marketing,ORD-3815,365.00
1816,Fiona Gallagher,Billing,ORD-3816,382.00
1817,George Clark,Support,ORD-3817,399.00
1818,Hannah Abbott,Sales,ORD-3818,416.00
1819,Ian Malcolm,Engineering,ORD-3819,433.00
1820,Julia Roberts,Marketing,ORD-3820,450.00
1821,Alice Smith,Billing,ORD-3821,467.00
1822,Bob Jones,Support,ORD-3822,484.00
1823,Charlie Brown,Sales,ORD-3823,501.00
1824,Diana Prince,Engineering,ORD-3824,18.00
1825,Evan Wright,Marketing,ORD-3825,35.00
1826,Fiona Gallagher,Billing,ORD-3826,52.00
1827,George Clark,Support,ORD-3827,69.00
1828,Hannah Abbott,Sales,ORD-3828,86.00
1829,Ian Malcolm,Engineering,ORD-3829,103.00
1830,Julia Roberts,Marketing,ORD-3830,120.00
1831,Alice Smith,Billing,ORD-3831,137.00
1832,Bob Jones,Support,ORD-3832,154.00
1833,Charlie Brown,Sales,ORD-3833,171.00
1834,Diana Prince,Engineering,ORD-3834,188.00
1835,Evan Wright,Marketing,ORD-3835,205.00
1836,Fiona Gallagher,Billing,ORD-3836,222.00
1837,George Clark,Support,ORD-3837,239.00
1838,Hannah Abbott,Sales,ORD-3838,256.00
1839,Ian Malcolm,Engineering,ORD-3839,273.00
1840,Julia Roberts,Marketing,ORD-3840,290.00
1841,Alice Smith,Billing,ORD-3841,307.00
1842,Bob Jones,Support,ORD-3842,324.00
1843,Charlie Brown,Sales,ORD-3843,341.00
1844,Diana Prince,Engineering,ORD-3844,358.00
1845,Evan Wright,Marketing,ORD-3845,375.00
1846,Fiona Gallagher,Billing,ORD-3846,392.00
1847,George Clark,Support,ORD-3847,409.00
1848,Hannah Abbott,Sales,ORD-3848,426.00
1849,Ian Malcolm,Engineering,ORD-3849,443.00
1850,Julia Roberts,Marketing,ORD-3850,460.00
1851,Alice Smith,Billing,ORD-3851,477.00
1852,Bob Jones,Support,ORD-3852,494.00
1853,Charlie Brown,Sales,ORD-3853,11.00
1854,Diana Prince,Engineering,ORD-3854,28.00
1855,Evan Wright,Marketing,ORD-3855,45.00
1856,Fiona Gallagher,Billing,ORD-3856,62.00
1857,George Clark,Support,ORD-3857,79.00
1858,Hannah Abbott,Sales,ORD-3858,96.00
1859,Ian Malcolm,Engineering,ORD-3859,113.00
1860,Julia Roberts,Marketing,ORD-3860,130.00
1861,Alice Smith,Billing,ORD-3861,147.00
1862,Bob Jones,Support,ORD-3862,164.00
1863,Charlie Brown,Sales,ORD-3863,181.00
1864,Diana Prince,Engineering,ORD-3864,198.00
1865,Evan Wright,Marketing,ORD-3865,215.00
1866,Fiona Gallagher,Billing,ORD-3866,232.00
1867,George Clark,Support,ORD-3867,249.00
1868,Hannah Abbott,Sales,ORD-3868,266.00
1869,Ian Malcolm,Engineering,ORD-3869,283.00
1870,Julia Roberts,Marketing,ORD-3870,300.00
1871,Alice Smith,Billing,ORD-3871,317.00
1872,Bob Jones,Support,ORD-3872,334.00
1873,Charlie Brown,Sales,ORD-3873,351.00
1874,Diana Prince,Engineering,ORD-3874,368.00
1875,Evan Wright,Marketing,ORD-3875,385.00
1876,Fiona Gallagher,Billing,ORD-3876,402.00
1877,George Clark,Support,ORD-3877,419.00
1878,Hannah Abbott,Sales,ORD-3878,436.00
1879,Ian Malcolm,Engineering,ORD-3879,453.00
1880,Julia Roberts,Marketing,ORD-3880,470.00
1881,Alice Smith,Billing,ORD-3881,487.00
1882,Bob Jones,Support,ORD-3882,504.00
1883,Charlie Brown,Sales,ORD-3883,21.00
1884,Diana Prince,Engineering,ORD-3884,38.00
1885,Evan Wright,Marketing,ORD-3885,55.00
1886,Fiona Gallagher,Billing,ORD-3886,72.00
1887,George Clark,Support,ORD-3887,89.00
1888,Hannah Abbott,Sales,ORD-3888,106.00
1889,Ian Malcolm,Engineering,ORD-3889,123.00
1890,Julia Roberts,Marketing,ORD-3890,140.00
1891,Alice Smith,Billing,ORD-3891,157.00
1892,Bob Jones,Support,ORD-3892,174.00
1893,Charlie Brown,Sales,ORD-3893,191.00
1894,Diana Prince,Engineering,ORD-3894,208.00
1895,Evan Wright,Marketing,ORD-3895,225.00
1896,Fiona Gallagher,Billing,ORD-3896,242.00
1897,George Clark,Support,ORD-3897,259.00
1898,Hannah Abbott,Sales,ORD-3898,276.00
1899,Ian Malcolm,Engineering,ORD-3899,293.00
1900,Julia Roberts,Marketing,ORD-3900,310.00
1901,Alice Smith,Billing,ORD-3901,327.00
1902,Bob Jones,Support,ORD-3902,344.00
1903,Charlie Brown,Sales,ORD-3903,361.00
1904,Diana Prince,Engineering,ORD-3904,378.00
1905,Evan Wright,Marketing,ORD-3905,395.00
1906,Fiona Gallagher,Billing,ORD-3906,412.00
1907,George Clark,Support,ORD-3907,429.00
1908,Hannah Abbott,Sales,ORD-3908,446.00
1909,Ian Malcolm,Engineering,ORD-3909,463.00
1910,Julia Roberts,Marketing,ORD-3910,480.00
1911,Alice Smith,Billing,ORD-3911,497.00
1912,Bob Jones,Support,ORD-3912,14.00
1913,Charlie Brown,Sales,ORD-3913,31.00
1914,Diana Prince,Engineering,ORD-3914,48.00
1915,Evan Wright,Marketing,ORD-3915,65.00
1916,Fiona Gallagher,Billing,ORD-3916,82.00
1917,George Clark,Support,ORD-3917,99.00
1918,Hannah Abbott,Sales,ORD-3918,116.00
1919,Ian Malcolm,Engineering,ORD-3919,133.00
1920,Julia Roberts,Marketing,ORD-3920,150.00
1921,Alice Smith,Billing,ORD-3921,167.00
1922,Bob Jones,Support,ORD-3922,184.00
1923,Charlie Brown,Sales,ORD-3923,201.00
1924,Diana Prince,Engineering,ORD-3924,218.00
1925,Evan Wright,Marketing,ORD-3925,235.00
1926,Fiona Gallagher,Billing,ORD-3926,252.00
1927,George Clark,Support,ORD-3927,269.00
1928,Hannah Abbott,Sales,ORD-3928,286.00
1929,Ian Malcolm,Engineering,ORD-3929,303.00
1930,Julia Roberts,Marketing,ORD-3930,320.00
1931,Alice Smith,Billing,ORD-3931,337.00
1932,Bob Jones,Support,ORD-3932,354.00
1933,Charlie Brown,Sales,ORD-3933,371.00
1934,Diana Prince,Engineering,ORD-3934,388.00
1935,Evan Wright,Marketing,ORD-3935,405.00
1936,Fiona Gallagher,Billing,ORD-3936,422.00
1937,George Clark,Support,ORD-3937,439.00
1938,Hannah Abbott,Sales,ORD-3938,456.00
1939,Ian Malcolm,Engineering,ORD-3939,473.00
1940,Julia Roberts,Marketing,ORD-3940,490.00
1941,Alice Smith,Billing,ORD-3941,507.00
1942,Bob Jones,Support,ORD-3942,24.00
1943,Charlie Brown,Sales,ORD-3943,41.00
1944,Diana Prince,Engineering,ORD-3944,58.00
1945,Evan Wright,Marketing,ORD-3945,75.00
1946,Fiona Gallagher,Billing,ORD-3946,92.00
1947,George Clark,Support,ORD-3947,109.00
1948,Hannah Abbott,Sales,ORD-3948,126.00
1949,Ian Malcolm,Engineering,ORD-3949,143.00
1950,Julia Roberts,Marketing,ORD-3950,160.00
1951,Alice Smith,Billing,ORD-3951,177.00
1952,Bob Jones,Support,ORD-3952,194.00
1953,Charlie Brown,Sales,ORD-3953,211.00
1954,Diana Prince,Engineering,ORD-3954,228.00
1955,Evan Wright,Marketing,ORD-3955,245.00
1956,Fiona Gallagher,Billing,ORD-3956,262.00
1957,George Clark,Support,ORD-3957,279.00
1958,Hannah Abbott,Sales,ORD-3958,296.00
1959,Ian Malcolm,Engineering,ORD-3959,313.00
1960,Julia Roberts,Marketing,ORD-3960,330.00
1961,Alice Smith,Billing,ORD-3961,347.00
1962,Bob Jones,Support,ORD-3962,364.00
1963,Charlie Brown,Sales,ORD-3963,381.00
1964,Diana Prince,Engineering,ORD-3964,398.00
1965,Evan Wright,Marketing,ORD-3965,415.00
1966,Fiona Gallagher,Billing,ORD-3966,432.00
1967,George Clark,Support,ORD-3967,449.00
1968,Hannah Abbott,Sales,ORD-3968,466.00
1969,Ian Malcolm,Engineering,ORD-3969,483.00
1970,Julia Roberts,Marketing,ORD-3970,500.00
1971,Alice Smith,Billing,ORD-3971,17.00
1972,Bob Jones,Support,ORD-3972,34.00
1973,Charlie Brown,Sales,ORD-3973,51.00
1974,Diana Prince,Engineering,ORD-3974,68.00
1975,Evan Wright,Marketing,ORD-3975,85.00
1976,Fiona Gallagher,Billing,ORD-3976,102.00
1977,George Clark,Support,ORD-3977,119.00
1978,Hannah Abbott,Sales,ORD-3978,136.00
1979,Ian Malcolm,Engineering,ORD-3979,153.00
1980,Julia Roberts,Marketing,ORD-3980,170.00
1981,Alice Smith,Billing,ORD-3981,187.00
1982,Bob Jones,Support,ORD-3982,204.00
1983,Charlie Brown,Sales,ORD-3983,221.00
1984,Diana Prince,Engineering,ORD-3984,238.00
1985,Evan Wright,Marketing,ORD-3985,255.00
1986,Fiona Gallagher,Billing,ORD-3986,272.00
1987,George Clark,Support,ORD-3987,289.00
1988,Hannah Abbott,Sales,ORD-3988,306.00
1989,Ian Malcolm,Engineering,ORD-3989,323.00
1990,Julia Roberts,Marketing,ORD-3990,340.00
1991,Alice Smith,Billing,ORD-3991,357.00
1992,Bob Jones,Support,ORD-3992,374.00
1993,Charlie Brown,Sales,ORD-3993,391.00
1994,Diana Prince,Engineering,ORD-3994,408.00
1995,Evan Wright,Marketing,ORD-3995,425.00
1996,Fiona Gallagher,Billing,ORD-3996,442.00
1997,George Clark,Support,ORD-3997,459.00
1998,Hannah Abbott,Sales,ORD-3998,476.00
1999,Ian Malcolm,Engineering,ORD-3999,493.00
2000,Julia Roberts,Marketing,ORD-4000,10.00
2001,Alice Smith,Billing,ORD-4001,27.00
2002,Bob Jones,Support,ORD-4002,44.00
2003,Charlie Brown,Sales,ORD-4003,61.00
2004,Diana Prince,Engineering,ORD-4004,78.00
2005,Evan Wright,Marketing,ORD-4005,95.00
2006,Fiona Gallagher,Billing,ORD-4006,112.00
2007,George Clark,Support,ORD-4007,129.00
2008,Hannah Abbott,Sales,ORD-4008,146.00
2009,Ian Malcolm,Engineering,ORD-4009,163.00
2010,Julia Roberts,Marketing,ORD-4010,180.00
2011,Alice Smith,Billing,ORD-4011,197.00
2012,Bob Jones,Support,ORD-4012,214.00
2013,Charlie Brown,Sales,ORD-4013,231.00
2014,Diana Prince,Engineering,ORD-4014,248.00
2015,Evan Wright,Marketing,ORD-4015,265.00
2016,Fiona Gallagher,Billing,ORD-4016,282.00
2017,George Clark,Support,ORD-4017,299.00
2018,Hannah Abbott,Sales,ORD-4018,316.00
2019,Ian Malcolm,Engineering,ORD-4019,333.00
2020,Julia Roberts,Marketing,ORD-4020,350.00
2021,Alice Smith,Billing,ORD-4021,367.00
2022,Bob Jones,Support,ORD-4022,384.00
2023,Charlie Brown,Sales,ORD-4023,401.00
2024,Diana Prince,Engineering,ORD-4024,418.00
2025,Evan Wright,Marketing,ORD-4025,435.00
2026,Fiona Gallagher,Billing,ORD-4026,452.00
2027,George Clark,Support,ORD-4027,469.00
2028,Hannah Abbott,Sales,ORD-4028,486.00
2029,Ian Malcolm,Engineering,ORD-4029,503.00
2030,Julia Roberts,Marketing,ORD-4030,20.00
2031,Alice Smith,Billing,ORD-4031,37.00
2032,Bob Jones,Support,ORD-4032,54.00
2033,Charlie Brown,Sales,ORD-4033,71.00
2034,Diana Prince,Engineering,ORD-4034,88.00
2035,Evan Wright,Marketing,ORD-4035,105.00
2036,Fiona Gallagher,Billing,ORD-4036,122.00
2037,George Clark,Support,ORD-4037,139.00
2038,Hannah Abbott,Sales,ORD-4038,156.00
2039,Ian Malcolm,Engineering,ORD-4039,173.00
2040,Julia Roberts,Marketing,ORD-4040,190.00
2041,Alice Smith,Billing,ORD-4041,207.00
2042,Bob Jones,Support,ORD-4042,224.00
2043,Charlie Brown,Sales,ORD-4043,241.00
2044,Diana Prince,Engineering,ORD-4044,258.00
2045,Evan Wright,Marketing,ORD-4045,275.00
2046,Fiona Gallagher,Billing,ORD-4046,292.00
2047,George Clark,Support,ORD-4047,309.00
2048,Hannah Abbott,Sales,ORD-4048,326.00
2049,Ian Malcolm,Engineering,ORD-4049,343.00
2050,Julia Roberts,Marketing,ORD-4050,360.00
2051,Alice Smith,Billing,ORD-4051,377.00
2052,Bob Jones,Support,ORD-4052,394.00
2053,Charlie Brown,Sales,ORD-4053,411.00
2054,Diana Prince,Engineering,ORD-4054,428.00
2055,Evan Wright,Marketing,ORD-4055,445.00
2056,Fiona Gallagher,Billing,ORD-4056,462.00
2057,George Clark,Support,ORD-4057,479.00
2058,Hannah Abbott,Sales,ORD-4058,496.00
2059,Ian Malcolm,Engineering,ORD-4059,13.00
2060,Julia Roberts,Marketing,ORD-4060,30.00
2061,Alice Smith,Billing,ORD-4061,47.00
2062,Bob Jones,Support,ORD-4062,64.00
2063,Charlie Brown,Sales,ORD-4063,81.00
2064,Diana Prince,Engineering,ORD-4064,98.00
2065,Evan Wright,Marketing,ORD-4065,115.00
2066,Fiona Gallagher,Billing,ORD-4066,132.00
2067,George Clark,Support,ORD-4067,149.00
2068,Hannah Abbott,Sales,ORD-4068,166.00
2069,Ian Malcolm,Engineering,ORD-4069,183.00
2070,Julia Roberts,Marketing,ORD-4070,200.00
2071,Alice Smith,Billing,ORD-4071,217.00
2072,Bob Jones,Support,ORD-4072,234.00
2073,Charlie Brown,Sales,ORD-4073,251.00
2074,Diana Prince,Engineering,ORD-4074,268.00
2075,Evan Wright,Marketing,ORD-4075,285.00
2076,Fiona Gallagher,Billing,ORD-4076,302.00
2077,George Clark,Support,ORD-4077,319.00
2078,Hannah Abbott,Sales,ORD-4078,336.00
2079,Ian Malcolm,Engineering,ORD-4079,353.00
2080,Julia Roberts,Marketing,ORD-4080,370.00
2081,Alice Smith,Billing,ORD-4081,387.00
2082,Bob Jones,Support,ORD-4082,404.00
2083,Charlie Brown,Sales,ORD-4083,421.00
2084,Diana Prince,Engineering,ORD-4084,438.00
2085,Evan Wright,Marketing,ORD-4085,455.00
2086,Fiona Gallagher,Billing,ORD-4086,472.00
2087,George Clark,Support,ORD-4087,489.00
2088,Hannah Abbott,Sales,ORD-4088,506.00
2089,Ian Malcolm,Engineering,ORD-4089,23.00
2090,Julia Roberts,Marketing,ORD-4090,40.00
2091,Alice Smith,Billing,ORD-4091,57.00
2092,Bob Jones,Support,ORD-4092,74.00
2093,Charlie Brown,Sales,ORD-4093,91.00
2094,Diana Prince,Engineering,ORD-4094,108.00
2095,Evan Wright,Marketing,ORD-4095,125.00
2096,Fiona Gallagher,Billing,ORD-4096,142.00
2097,George Clark,Support,ORD-4097,159.00
2098,Hannah Abbott,Sales,ORD-4098,176.00
2099,Ian Malcolm,Engineering,ORD-4099,193.00
2100,Julia Roberts,Marketing,ORD-4100,210.00
2101,Alice Smith,Billing,ORD-4101,227.00
2102,Bob Jones,Support,ORD-4102,244.00
2103,Charlie Brown,Sales,ORD-4103,261.00
2104,Diana Prince,Engineering,ORD-4104,278.00
2105,Evan Wright,Marketing,ORD-4105,295.00
2106,Fiona Gallagher,Billing,ORD-4106,312.00
2107,George Clark,Support,ORD-4107,329.00
2108,Hannah Abbott,Sales,ORD-4108,346.00
2109,Ian Malcolm,Engineering,ORD-4109,363.00
2110,Julia Roberts,Marketing,ORD-4110,380.00
2111,Alice Smith,Billing,ORD-4111,397.00
2112,Bob Jones,Support,ORD-4112,414.00
2113,Charlie Brown,Sales,ORD-4113,431.00
2114,Diana Prince,Engineering,ORD-4114,448.00
2115,Evan Wright,Marketing,ORD-4115,465.00
2116,Fiona Gallagher,Billing,ORD-4116,482.00
2117,George Clark,Support,ORD-4117,499.00
2118,Hannah Abbott,Sales,ORD-4118,16.00
2119,Ian Malcolm,Engineering,ORD-4119,33.00
2120,Julia Roberts,Marketing,ORD-4120,50.00
2121,Alice Smith,Billing,ORD-4121,67.00
2122,Bob Jones,Support,ORD-4122,84.00
2123,Charlie Brown,Sales,ORD-4123,101.00
2124,Diana Prince,Engineering,ORD-4124,118.00
2125,Evan Wright,Marketing,ORD-4125,135.00
2126,Fiona Gallagher,Billing,ORD-4126,152.00
2127,George Clark,Support,ORD-4127,169.00
2128,Hannah Abbott,Sales,ORD-4128,186.00
2129,Ian Malcolm,Engineering,ORD-4129,203.00
2130,Julia Roberts,Marketing,ORD-4130,220.00
2131,Alice Smith,Billing,ORD-4131,237.00
2132,Bob Jones,Support,ORD-4132,254.00
2133,Charlie Brown,Sales,ORD-4133,271.00
2134,Diana Prince,Engineering,ORD-4134,288.00
2135,Evan Wright,Marketing,ORD-4135,305.00
2136,Fiona Gallagher,Billing,ORD-4136,322.00
2137,George Clark,Support,ORD-4137,339.00
2138,Hannah Abbott,Sales,ORD-4138,356.00
2139,Ian Malcolm,Engineering,ORD-4139,373.00
2140,Julia Roberts,Marketing,ORD-4140,390.00
2141,Alice Smith,Billing,ORD-4141,407.00
2142,Bob Jones,Support,ORD-4142,424.00
2143,Charlie Brown,Sales,ORD-4143,441.00
2144,Diana Prince,Engineering,ORD-4144,458.00
2145,Evan Wright,Marketing,ORD-4145,475.00
2146,Fiona Gallagher,Billing,ORD-4146,492.00
2147,George Clark,Support,ORD-4147,509.00
2148,Hannah Abbott,Sales,ORD-4148,26.00
2149,Ian Malcolm,Engineering,ORD-4149,43.00
2150,Julia Roberts,Marketing,ORD-4150,60.00
2151,Alice Smith,Billing,ORD-4151,77.00
2152,Bob Jones,Support,ORD-4152,94.00
2153,Charlie Brown,Sales,ORD-4153,111.00
2154,Diana Prince,Engineering,ORD-4154,128.00
2155,Evan Wright,Marketing,ORD-4155,145.00
2156,Fiona Gallagher,Billing,ORD-4156,162.00
2157,George Clark,Support,ORD-4157,179.00
2158,Hannah Abbott,Sales,ORD-4158,196.00
2159,Ian Malcolm,Engineering,ORD-4159,213.00
2160,Julia Roberts,Marketing,ORD-4160,230.00
2161,Alice Smith,Billing,ORD-4161,247.00
2162,Bob Jones,Support,ORD-4162,264.00
2163,Charlie Brown,Sales,ORD-4163,281.00
2164,Diana Prince,Engineering,ORD-4164,298.00
2165,Evan Wright,Marketing,ORD-4165,315.00
2166,Fiona Gallagher,Billing,ORD-4166,332.00
2167,George Clark,Support,ORD-4167,349.00
2168,Hannah Abbott,Sales,ORD-4168,366.00
2169,Ian Malcolm,Engineering,ORD-4169,383.00
2170,Julia Roberts,Marketing,ORD-4170,400.00
2171,Alice Smith,Billing,ORD-4171,417.00
2172,Bob Jones,Support,ORD-4172,434.00
2173,Charlie Brown,Sales,ORD-4173,451.00
2174,Diana Prince,Engineering,ORD-4174,468.00
2175,Evan Wright,Marketing,ORD-4175,485.00
2176,Fiona Gallagher,Billing,ORD-4176,502.00
2177,George Clark,Support,ORD-4177,19.00
2178,Hannah Abbott,Sales,ORD-4178,36.00
2179,Ian Malcolm,Engineering,ORD-4179,53.00
2180,Julia Roberts,Marketing,ORD-4180,70.00
2181,Alice Smith,Billing,ORD-4181,87.00
2182,Bob Jones,Support,ORD-4182,104.00
2183,Charlie Brown,Sales,ORD-4183,121.00
2184,Diana Prince,Engineering,ORD-4184,138.00
2185,Evan Wright,Marketing,ORD-4185,155.00
2186,Fiona Gallagher,Billing,ORD-4186,172.00
2187,George Clark,Support,ORD-4187,189.00
2188,Hannah Abbott,Sales,ORD-4188,206.00
2189,Ian Malcolm,Engineering,ORD-4189,223.00
2190,Julia Roberts,Marketing,ORD-4190,240.00
2191,Alice Smith,Billing,ORD-4191,257.00
2192,Bob Jones,Support,ORD-4192,274.00
2193,Charlie Brown,Sales,ORD-4193,291.00
2194,Diana Prince,Engineering,ORD-4194,308.00
2195,Evan Wright,Marketing,ORD-4195,325.00
2196,Fiona Gallagher,Billing,ORD-4196,342.00
2197,George Clark,Support,ORD-4197,359.00
2198,Hannah Abbott,Sales,ORD-4198,376.00
2199,Ian Malcolm,Engineering,ORD-4199,393.00
2200,Julia Roberts,Marketing,ORD-4200,410.00
2201,Alice Smith,Billing,ORD-4201,427.00
2202,Bob Jones,Support,ORD-4202,444.00
2203,Charlie Brown,Sales,ORD-4203,461.00
2204,Diana Prince,Engineering,ORD-4204,478.00
2205,Evan Wright,Marketing,ORD-4205,495.00
2206,Fiona Gallagher,Billing,ORD-4206,12.00
2207,George Clark,Support,ORD-4207,29.00
2208,Hannah Abbott,Sales,ORD-4208,46.00
2209,Ian Malcolm,Engineering,ORD-4209,63.00
2210,Julia Roberts,Marketing,ORD-4210,80.00
2211,Alice Smith,Billing,ORD-4211,97.00
2212,Bob Jones,Support,ORD-4212,114.00
2213,Charlie Brown,Sales,ORD-4213,131.00
2214,Diana Prince,Engineering,ORD-4214,148.00
2215,Evan Wright,Marketing,ORD-4215,165.00
2216,Fiona Gallagher,Billing,ORD-4216,182.00
2217,George Clark,Support,ORD-4217,199.00
2218,Hannah Abbott,Sales,ORD-4218,216.00
2219,Ian Malcolm,Engineering,ORD-4219,233.00
2220,Julia Roberts,Marketing,ORD-4220,250.00
2221,Alice Smith,Billing,ORD-4221,267.00
2222,Bob Jones,Support,ORD-4222,284.00
2223,Charlie Brown,Sales,ORD-4223,301.00
2224,Diana Prince,Engineering,ORD-4224,318.00
2225,Evan Wright,Marketing,ORD-4225,335.00
2226,Fiona Gallagher,Billing,ORD-4226,352.00
2227,George Clark,Support,ORD-4227,369.00
2228,Hannah Abbott,Sales,ORD-4228,386.00
2229,Ian Malcolm,Engineering,ORD-4229,403.00
2230,Julia Roberts,Marketing,ORD-4230,420.00
2231,Alice Smith,Billing,ORD-4231,437.00
2232,Bob Jones,Support,ORD-4232,454.00
2233,Charlie Brown,Sales,ORD-4233,471.00
2234,Diana Prince,Engineering,ORD-4234,488.00
2235,Evan Wright,Marketing,ORD-4235,505.00
2236,Fiona Gallagher,Billing,ORD-4236,22.00
2237,George Clark,Support,ORD-4237,39.00
2238,Hannah Abbott,Sales,ORD-4238,56.00
2239,Ian Malcolm,Engineering,ORD-4239,73.00
2240,Julia Roberts,Marketing,ORD-4240,90.00
2241,Alice Smith,Billing,ORD-4241,107.00
2242,Bob Jones,Support,ORD-4242,124.00
2243,Charlie Brown,Sales,ORD-4243,141.00
2244,Diana Prince,Engineering,ORD-4244,158.00
2245,Evan Wright,Marketing,ORD-4245,175.00
2246,Fiona Gallagher,Billing,ORD-4246,192.00
2247,George Clark,Support,ORD-4247,209.00
2248,Hannah Abbott,Sales,ORD-4248,226.00
2249,Ian Malcolm,Engineering,ORD-4249,243.00
2250,Julia Roberts,Marketing,ORD-4250,260.00
2251,Alice Smith,Billing,ORD-4251,277.00
2252,Bob Jones,Support,ORD-4252,294.00
2253,Charlie Brown,Sales,ORD-4253,311.00
2254,Diana Prince,Engineering,ORD-4254,328.00
2255,Evan Wright,Marketing,ORD-4255,345.00
2256,Fiona Gallagher,Billing,ORD-4256,362.00
2257,George Clark,Support,ORD-4257,379.00
2258,Hannah Abbott,Sales,ORD-4258,396.00
2259,Ian Malcolm,Engineering,ORD-4259,413.00
2260,Julia Roberts,Marketing,ORD-4260,430.00
2261,Alice Smith,Billing,ORD-4261,447.00
2262,Bob Jones,Support,ORD-4262,464.00
2263,Charlie Brown,Sales,ORD-4263,481.00
2264,Diana Prince,Engineering,ORD-4264,498.00
2265,Evan Wright,Marketing,ORD-4265,15.00
2266,Fiona Gallagher,Billing,ORD-4266,32.00
2267,George Clark,Support,ORD-4267,49.00
2268,Hannah Abbott,Sales,ORD-4268,66.00
2269,Ian Malcolm,Engineering,ORD-4269,83.00
2270,Julia Roberts,Marketing,ORD-4270,100.00
2271,Alice Smith,Billing,ORD-4271,117.00
2272,Bob Jones,Support,ORD-4272,134.00
2273,Charlie Brown,Sales,ORD-4273,151.00
2274,Diana Prince,Engineering,ORD-4274,168.00
2275,Evan Wright,Marketing,ORD-4275,185.00
2276,Fiona Gallagher,Billing,ORD-4276,202.00
2277,George Clark,Support,ORD-4277,219.00
2278,Hannah Abbott,Sales,ORD-4278,236.00
2279,Ian Malcolm,Engineering,ORD-4279,253.00
2280,Julia Roberts,Marketing,ORD-4280,270.00
2281,Alice Smith,Billing,ORD-4281,287.00
2282,Bob Jones,Support,ORD-4282,304.00
2283,Charlie Brown,Sales,ORD-4283,321.00
2284,Diana Prince,Engineering,ORD-4284,338.00
2285,Evan Wright,Marketing,ORD-4285,355.00
2286,Fiona Gallagher,Billing,ORD-4286,372.00
2287,George Clark,Support,ORD-4287,389.00
2288,Hannah Abbott,Sales,ORD-4288,406.00
2289,Ian Malcolm,Engineering,ORD-4289,423.00
2290,Julia Roberts,Marketing,ORD-4290,440.00
2291,Alice Smith,Billing,ORD-4291,457.00
2292,Bob Jones,Support,ORD-4292,474.00
2293,Charlie Brown,Sales,ORD-4293,491.00
2294,Diana Prince,Engineering,ORD-4294,508.00
2295,Evan Wright,Marketing,ORD-4295,25.00
2296,Fiona Gallagher,Billing,ORD-4296,42.00
2297,George Clark,Support,ORD-4297,59.00
2298,Hannah Abbott,Sales,ORD-4298,76.00
2299,Ian Malcolm,Engineering,ORD-4299,93.00
2300,Julia Roberts,Marketing,ORD-4300,110.00
2301,Alice Smith,Billing,ORD-4301,127.00
2302,Bob Jones,Support,ORD-4302,144.00
2303,Charlie Brown,Sales,ORD-4303,161.00
2304,Diana Prince,Engineering,ORD-4304,178.00
2305,Evan Wright,Marketing,ORD-4305,195.00
2306,Fiona Gallagher,Billing,ORD-4306,212.00
2307,George Clark,Support,ORD-4307,229.00
2308,Hannah Abbott,Sales,ORD-4308,246.00
2309,Ian Malcolm,Engineering,ORD-4309,263.00
2310,Julia Roberts,Marketing,ORD-4310,280.00
2311,Alice Smith,Billing,ORD-4311,297.00
2312,Bob Jones,Support,ORD-4312,314.00
2313,Charlie Brown,Sales,ORD-4313,331.00
2314,Diana Prince,Engineering,ORD-4314,348.00
2315,Evan Wright,Marketing,ORD-4315,365.00
2316,Fiona Gallagher,Billing,ORD-4316,382.00
2317,George Clark,Support,ORD-4317,399.00
2318,Hannah Abbott,Sales,ORD-4318,416.00
2319,Ian Malcolm,Engineering,ORD-4319,433.00
2320,Julia Roberts,Marketing,ORD-4320,450.00
2321,Alice Smith,Billing,ORD-4321,467.00
2322,Bob Jones,Support,ORD-4322,484.00
2323,Charlie Brown,Sales,ORD-4323,501.00
2324,Diana Prince,Engineering,ORD-4324,18.00
2325,Evan Wright,Marketing,ORD-4325,35.00
2326,Fiona Gallagher,Billing,ORD-4326,52.00
2327,George Clark,Support,ORD-4327,69.00
2328,Hannah Abbott,Sales,ORD-4328,86.00
2329,Ian Malcolm,Engineering,ORD-4329,103.00
2330,Julia Roberts,Marketing,ORD-4330,120.00
2331,Alice Smith,Billing,ORD-4331,137.00
2332,Bob Jones,Support,ORD-4332,154.00
2333,Charlie Brown,Sales,ORD-4333,171.00
2334,Diana Prince,Engineering,ORD-4334,188.00
2335,Evan Wright,Marketing,ORD-4335,205.00
2336,Fiona Gallagher,Billing,ORD-4336,222.00
2337,George Clark,Support,ORD-4337,239.00
2338,Hannah Abbott,Sales,ORD-4338,256.00
2339,Ian Malcolm,Engineering,ORD-4339,273.00
2340,Julia Roberts,Marketing,ORD-4340,290.00
2341,Alice Smith,Billing,ORD-4341,307.00
2342,Bob Jones,Support,ORD-4342,324.00
2343,Charlie Brown,Sales,ORD-4343,341.00
2344,Diana Prince,Engineering,ORD-4344,358.00
2345,Evan Wright,Marketing,ORD-4345,375.00
2346,Fiona Gallagher,Billing,ORD-4346,392.00
2347,George Clark,Support,ORD-4347,409.00
2348,Hannah Abbott,Sales,ORD-4348,426.00
2349,Ian Malcolm,Engineering,ORD-4349,443.00
2350,Julia Roberts,Marketing,ORD-4350,460.00
2351,Alice Smith,Billing,ORD-4351,477.00
2352,Bob Jones,Support,ORD-4352,494.00
2353,Charlie Brown,Sales,ORD-4353,11.00
2354,Diana Prince,Engineering,ORD-4354,28.00
2355,Evan Wright,Marketing,ORD-4355,45.00
2356,Fiona Gallagher,Billing,ORD-4356,62.00
2357,George Clark,Support,ORD-4357,79.00
2358,Hannah Abbott,Sales,ORD-4358,96.00
2359,Ian Malcolm,Engineering,ORD-4359,113.00
2360,Julia Roberts,Marketing,ORD-4360,130.00
2361,Alice Smith,Billing,ORD-4361,147.00
2362,Bob Jones,Support,ORD-4362,164.00
2363,Charlie Brown,Sales,ORD-4363,181.00
2364,Diana Prince,Engineering,ORD-4364,198.00
2365,Evan Wright,Marketing,ORD-4365,215.00
2366,Fiona Gallagher,Billing,ORD-4366,232.00
2367,George Clark,Support,ORD-4367,249.00
2368,Hannah Abbott,Sales,ORD-4368,266.00
2369,Ian Malcolm,Engineering,ORD-4369,283.00
2370,Julia Roberts,Marketing,ORD-4370,300.00
2371,Alice Smith,Billing,ORD-4371,317.00
2372,Bob Jones,Support,ORD-4372,334.00
2373,Charlie Brown,Sales,ORD-4373,351.00
2374,Diana Prince,Engineering,ORD-4374,368.00
2375,Evan Wright,Marketing,ORD-4375,385.00
2376,Fiona Gallagher,Billing,ORD-4376,402.00
2377,George Clark,Support,ORD-4377,419.00
2378,Hannah Abbott,Sales,ORD-4378,436.00
2379,Ian Malcolm,Engineering,ORD-4379,453.00
2380,Julia Roberts,Marketing,ORD-4380,470.00
2381,Alice Smith,Billing,ORD-4381,487.00
2382,Bob Jones,Support,ORD-4382,504.00
2383,Charlie Brown,Sales,ORD-4383,21.00
2384,Diana Prince,Engineering,ORD-4384,38.00
2385,Evan Wright,Marketing,ORD-4385,55.00
2386,Fiona Gallagher,Billing,ORD-4386,72.00
2387,George Clark,Support,ORD-4387,89.00
2388,Hannah Abbott,Sales,ORD-4388,106.00
2389,Ian Malcolm,Engineering,ORD-4389,123.00
2390,Julia Roberts,Marketing,ORD-4390,140.00
2391,Alice Smith,Billing,ORD-4391,157.00
2392,Bob Jones,Support,ORD-4392,174.00
2393,Charlie Brown,Sales,ORD-4393,191.00
2394,Diana Prince,Engineering,ORD-4394,208.00
2395,Evan Wright,Marketing,ORD-4395,225.00
2396,Fiona Gallagher,Billing,ORD-4396,242.00
2397,George Clark,Support,ORD-4397,259.00
2398,Hannah Abbott,Sales,ORD-4398,276.00
2399,Ian Malcolm,Engineering,ORD-4399,293.00
2400,Julia Roberts,Marketing,ORD-4400,310.00
2401,Alice Smith,Billing,ORD-4401,327.00
2402,Bob Jones,Support,ORD-4402,344.00
2403,Charlie Brown,Sales,ORD-4403,361.00
2404,Diana Prince,Engineering,ORD-4404,378.00
2405,Evan Wright,Marketing,ORD-4405,395.00
2406,Fiona Gallagher,Billing,ORD-4406,412.00
2407,George Clark,Support,ORD-4407,429.00
2408,Hannah Abbott,Sales,ORD-4408,446.00
2409,Ian Malcolm,Engineering,ORD-4409,463.00
2410,Julia Roberts,Marketing,ORD-4410,480.00
2411,Alice Smith,Billing,ORD-4411,497.00
2412,Bob Jones,Support,ORD-4412,14.00
2413,Charlie Brown,Sales,ORD-4413,31.00
2414,Diana Prince,Engineering,ORD-4414,48.00
2415,Evan Wright,Marketing,ORD-4415,65.00
2416,Fiona Gallagher,Billing,ORD-4416,82.00
2417,George Clark,Support,ORD-4417,99.00
2418,Hannah Abbott,Sales,ORD-4418,116.00
2419,Ian Malcolm,Engineering,ORD-4419,133.00
2420,Julia Roberts,Marketing,ORD-4420,150.00
2421,Alice Smith,Billing,ORD-4421,167.00
2422,Bob Jones,Support,ORD-4422,184.00
2423,Charlie Brown,Sales,ORD-4423,201.00
2424,Diana Prince,Engineering,ORD-4424,218.00
2425,Evan Wright,Marketing,ORD-4425,235.00
2426,Fiona Gallagher,Billing,ORD-4426,252.00
2427,George Clark,Support,ORD-4427,269.00
2428,Hannah Abbott,Sales,ORD-4428,286.00
2429,Ian Malcolm,Engineering,ORD-4429,303.00
2430,Julia Roberts,Marketing,ORD-4430,320.00
2431,Alice Smith,Billing,ORD-4431,337.00
2432,Bob Jones,Support,ORD-4432,354.00
2433,Charlie Brown,Sales,ORD-4433,371.00
2434,Diana Prince,Engineering,ORD-4434,388.00
2435,Evan Wright,Marketing,ORD-4435,405.00
2436,Fiona Gallagher,Billing,ORD-4436,422.00
2437,George Clark,Support,ORD-4437,439.00
2438,Hannah Abbott,Sales,ORD-4438,456.00
2439,Ian Malcolm,Engineering,ORD-4439,473.00
2440,Julia Roberts,Marketing,ORD-4440,490.00
2441,Alice Smith,Billing,ORD-4441,507.00
2442,Bob Jones,Support,ORD-4442,24.00
2443,Charlie Brown,Sales,ORD-4443,41.00
2444,Diana Prince,Engineering,ORD-4444,58.00
2445,Evan Wright,Marketing,ORD-4445,75.00
2446,Fiona Gallagher,Billing,ORD-4446,92.00
2447,George Clark,Support,ORD-4447,109.00
2448,Hannah Abbott,Sales,ORD-4448,126.00
2449,Ian Malcolm,Engineering,ORD-4449,143.00
2450,Julia Roberts,Marketing,ORD-4450,160.00
2451,Alice Smith,Billing,ORD-4451,177.00
2452,Bob Jones,Support,ORD-4452,194.00
2453,Charlie Brown,Sales,ORD-4453,211.00
2454,Diana Prince,Engineering,ORD-4454,228.00
2455,Evan Wright,Marketing,ORD-4455,245.00
2456,Fiona Gallagher,Billing,ORD-4456,262.00
2457,George Clark,Support,ORD-4457,279.00
2458,Hannah Abbott,Sales,ORD-4458,296.00
2459,Ian Malcolm,Engineering,ORD-4459,313.00
2460,Julia Roberts,Marketing,ORD-4460,330.00
2461,Alice Smith,Billing,ORD-4461,347.00
2462,Bob Jones,Support,ORD-4462,364.00
2463,Charlie Brown,Sales,ORD-4463,381.00
2464,Diana Prince,Engineering,ORD-4464,398.00
2465,Evan Wright,Marketing,ORD-4465,415.00
2466,Fiona Gallagher,Billing,ORD-4466,432.00
2467,George Clark,Support,ORD-4467,449.00
2468,Hannah Abbott,Sales,ORD-4468,466.00
2469,Ian Malcolm,Engineering,ORD-4469,483.00
2470,Julia Roberts,Marketing,ORD-4470,500.00
2471,Alice Smith,Billing,ORD-4471,17.00
2472,Bob Jones,Support,ORD-4472,34.00
2473,Charlie Brown,Sales,ORD-4473,51.00
2474,Diana Prince,Engineering,ORD-4474,68.00
2475,Evan Wright,Marketing,ORD-4475,85.00
2476,Fiona Gallagher,Billing,ORD-4476,102.00
2477,George Clark,Support,ORD-4477,119.00
2478,Hannah Abbott,Sales,ORD-4478,136.00
2479,Ian Malcolm,Engineering,ORD-4479,153.00
2480,Julia Roberts,Marketing,ORD-4480,170.00
2481,Alice Smith,Billing,ORD-4481,187.00
2482,Bob Jones,Support,ORD-4482,204.00
2483,Charlie Brown,Sales,ORD-4483,221.00
2484,Diana Prince,Engineering,ORD-4484,238.00
2485,Evan Wright,Marketing,ORD-4485,255.00
2486,Fiona Gallagher,Billing,ORD-4486,272.00
2487,George Clark,Support,ORD-4487,289.00
2488,Hannah Abbott,Sales,ORD-4488,306.00
2489,Ian Malcolm,Engineering,ORD-4489,323.00
2490,Julia Roberts,Marketing,ORD-4490,340.00
2491,Alice Smith,Billing,ORD-4491,357.00
2492,Bob Jones,Support,ORD-4492,374.00
2493,Charlie Brown,Sales,ORD-4493,391.00
2494,Diana Prince,Engineering,ORD-4494,408.00
2495,Evan Wright,Marketing,ORD-4495,425.00
2496,Fiona Gallagher,Billing,ORD-4496,442.00
2497,George Clark,Support,ORD-4497,459.00
2498,Hannah Abbott,Sales,ORD-4498,476.00
2499,Ian Malcolm,Engineering,ORD-4499,493.00
2500,Julia Roberts,Marketing,ORD-4500,10.00
2501,Alice Smith,Billing,ORD-4501,27.00
2502,Bob Jones,Support,ORD-4502,44.00
2503,Charlie Brown,Sales,ORD-4503,61.00
2504,Diana Prince,Engineering,ORD-4504,78.00
2505,Evan Wright,Marketing,ORD-4505,95.00
2506,Fiona Gallagher,Billing,ORD-4506,112.00
2507,George Clark,Support,ORD-4507,129.00
2508,Hannah Abbott,Sales,ORD-4508,146.00
2509,Ian Malcolm,Engineering,ORD-4509,163.00
2510,Julia Roberts,Marketing,ORD-4510,180.00
2511,Alice Smith,Billing,ORD-4511,197.00
2512,Bob Jones,Support,ORD-4512,214.00
2513,Charlie Brown,Sales,ORD-4513,231.00
2514,Diana Prince,Engineering,ORD-4514,248.00
2515,Evan Wright,Marketing,ORD-4515,265.00
2516,Fiona Gallagher,Billing,ORD-4516,282.00
2517,George Clark,Support,ORD-4517,299.00
2518,Hannah Abbott,Sales,ORD-4518,316.00
2519,Ian Malcolm,Engineering,ORD-4519,333.00
2520,Julia Roberts,Marketing,ORD-4520,350.00
2521,Alice Smith,Billing,ORD-4521,367.00
2522,Bob Jones,Support,ORD-4522,384.00
2523,Charlie Brown,Sales,ORD-4523,401.00
2524,Diana Prince,Engineering,ORD-4524,418.00
2525,Evan Wright,Marketing,ORD-4525,435.00
2526,Fiona Gallagher,Billing,ORD-4526,452.00
2527,George Clark,Support,ORD-4527,469.00
2528,Hannah Abbott,Sales,ORD-4528,486.00
2529,Ian Malcolm,Engineering,ORD-4529,503.00
2530,Julia Roberts,Marketing,ORD-4530,20.00
2531,Alice Smith,Billing,ORD-4531,37.00
2532,Bob Jones,Support,ORD-4532,54.00
2533,Charlie Brown,Sales,ORD-4533,71.00
2534,Diana Prince,Engineering,ORD-4534,88.00
2535,Evan Wright,Marketing,ORD-4535,105.00
2536,Fiona Gallagher,Billing,ORD-4536,122.00
2537,George Clark,Support,ORD-4537,139.00
2538,Hannah Abbott,Sales,ORD-4538,156.00
2539,Ian Malcolm,Engineering,ORD-4539,173.00
2540,Julia Roberts,Marketing,ORD-4540,190.00
2541,Alice Smith,Billing,ORD-4541,207.00
2542,Bob Jones,Support,ORD-4542,224.00
2543,Charlie Brown,Sales,ORD-4543,241.00
2544,Diana Prince,Engineering,ORD-4544,258.00
2545,Evan Wright,Marketing,ORD-4545,275.00
2546,Fiona Gallagher,Billing,ORD-4546,292.00
2547,George Clark,Support,ORD-4547,309.00
2548,Hannah Abbott,Sales,ORD-4548,326.00
2549,Ian Malcolm,Engineering,ORD-4549,343.00
2550,Julia Roberts,Marketing,ORD-4550,360.00
2551,Alice Smith,Billing,ORD-4551,377.00
2552,Bob Jones,Support,ORD-4552,394.00
2553,Charlie Brown,Sales,ORD-4553,411.00
2554,Diana Prince,Engineering,ORD-4554,428.00
2555,Evan Wright,Marketing,ORD-4555,445.00
2556,Fiona Gallagher,Billing,ORD-4556,462.00
2557,George Clark,Support,ORD-4557,479.00
2558,Hannah Abbott,Sales,ORD-4558,496.00
2559,Ian Malcolm,Engineering,ORD-4559,13.00
2560,Julia Roberts,Marketing,ORD-4560,30.00
2561,Alice Smith,Billing,ORD-4561,47.00
2562,Bob Jones,Support,ORD-4562,64.00
2563,Charlie Brown,Sales,ORD-4563,81.00
2564,Diana Prince,Engineering,ORD-4564,98.00
2565,Evan Wright,Marketing,ORD-4565,115.00
2566,Fiona Gallagher,Billing,ORD-4566,132.00
2567,George Clark,Support,ORD-4567,149.00
2568,Hannah Abbott,Sales,ORD-4568,166.00
2569,Ian Malcolm,Engineering,ORD-4569,183.00
2570,Julia Roberts,Marketing,ORD-4570,200.00
2571,Alice Smith,Billing,ORD-4571,217.00
2572,Bob Jones,Support,ORD-4572,234.00
2573,Charlie Brown,Sales,ORD-4573,251.00
2574,Diana Prince,Engineering,ORD-4574,268.00
2575,Evan Wright,Marketing,ORD-4575,285.00
2576,Fiona Gallagher,Billing,ORD-4576,302.00
2577,George Clark,Support,ORD-4577,319.00
2578,Hannah Abbott,Sales,ORD-4578,336.00
2579,Ian Malcolm,Engineering,ORD-4579,353.00
2580,Julia Roberts,Marketing,ORD-4580,370.00
2581,Alice Smith,Billing,ORD-4581,387.00
2582,Bob Jones,Support,ORD-4582,404.00
2583,Charlie Brown,Sales,ORD-4583,421.00
2584,Diana Prince,Engineering,ORD-4584,438.00
2585,Evan Wright,Marketing,ORD-4585,455.00
2586,Fiona Gallagher,Billing,ORD-4586,472.00
2587,George Clark,Support,ORD-4587,489.00
2588,Hannah Abbott,Sales,ORD-4588,506.00
2589,Ian Malcolm,Engineering,ORD-4589,23.00
2590,Julia Roberts,Marketing,ORD-4590,40.00
2591,Alice Smith,Billing,ORD-4591,57.00
2592,Bob Jones,Support,ORD-4592,74.00
2593,Charlie Brown,Sales,ORD-4593,91.00
2594,Diana Prince,Engineering,ORD-4594,108.00
2595,Evan Wright,Marketing,ORD-4595,125.00
2596,Fiona Gallagher,Billing,ORD-4596,142.00
2597,George Clark,Support,ORD-4597,159.00
2598,Hannah Abbott,Sales,ORD-4598,176.00
2599,Ian Malcolm,Engineering,ORD-4599,193.00
2600,Julia Roberts,Marketing,ORD-4600,210.00
2601,Alice Smith,Billing,ORD-4601,227.00
2602,Bob Jones,Support,ORD-4602,244.00
2603,Charlie Brown,Sales,ORD-4603,261.00
2604,Diana Prince,Engineering,ORD-4604,278.00
2605,Evan Wright,Marketing,ORD-4605,295.00
2606,Fiona Gallagher,Billing,ORD-4606,312.00
2607,George Clark,Support,ORD-4607,329.00
2608,Hannah Abbott,Sales,ORD-4608,346.00
2609,Ian Malcolm,Engineering,ORD-4609,363.00
2610,Julia Roberts,Marketing,ORD-4610,380.00
2611,Alice Smith,Billing,ORD-4611,397.00
2612,Bob Jones,Support,ORD-4612,414.00
2613,Charlie Brown,Sales,ORD-4613,431.00
2614,Diana Prince,Engineering,ORD-4614,448.00
2615,Evan Wright,Marketing,ORD-4615,465.00
2616,Fiona Gallagher,Billing,ORD-4616,482.00
2617,George Clark,Support,ORD-4617,499.00
2618,Hannah Abbott,Sales,ORD-4618,16.00
2619,Ian Malcolm,Engineering,ORD-4619,33.00
2620,Julia Roberts,Marketing,ORD-4620,50.00
2621,Alice Smith,Billing,ORD-4621,67.00
2622,Bob Jones,Support,ORD-4622,84.00
2623,Charlie Brown,Sales,ORD-4623,101.00
2624,Diana Prince,Engineering,ORD-4624,118.00
2625,Evan Wright,Marketing,ORD-4625,135.00
2626,Fiona Gallagher,Billing,ORD-4626,152.00
2627,George Clark,Support,ORD-4627,169.00
2628,Hannah Abbott,Sales,ORD-4628,186.00
2629,Ian Malcolm,Engineering,ORD-4629,203.00
2630,Julia Roberts,Marketing,ORD-4630,220.00
2631,Alice Smith,Billing,ORD-4631,237.00
2632,Bob Jones,Support,ORD-4632,254.00
2633,Charlie Brown,Sales,ORD-4633,271.00
2634,Diana Prince,Engineering,ORD-4634,288.00
2635,Evan Wright,Marketing,ORD-4635,305.00
2636,Fiona Gallagher,Billing,ORD-4636,322.00
2637,George Clark,Support,ORD-4637,339.00
2638,Hannah Abbott,Sales,ORD-4638,356.00
2639,Ian Malcolm,Engineering,ORD-4639,373.00
2640,Julia Roberts,Marketing,ORD-4640,390.00
2641,Alice Smith,Billing,ORD-4641,407.00
2642,Bob Jones,Support,ORD-4642,424.00
2643,Charlie Brown,Sales,ORD-4643,441.00
2644,Diana Prince,Engineering,ORD-4644,458.00
2645,Evan Wright,Marketing,ORD-4645,475.00
2646,Fiona Gallagher,Billing,ORD-4646,492.00
2647,George Clark,Support,ORD-4647,509.00
2648,Hannah Abbott,Sales,ORD-4648,26.00
2649,Ian Malcolm,Engineering,ORD-4649,43.00
2650,Julia Roberts,Marketing,ORD-4650,60.00
2651,Alice Smith,Billing,ORD-4651,77.00
2652,Bob Jones,Support,ORD-4652,94.00
2653,Charlie Brown,Sales,ORD-4653,111.00
2654,Diana Prince,Engineering,ORD-4654,128.00
2655,Evan Wright,Marketing,ORD-4655,145.00
2656,Fiona Gallagher,Billing,ORD-4656,162.00
2657,George Clark,Support,ORD-4657,179.00
2658,Hannah Abbott,Sales,ORD-4658,196.00
2659,Ian Malcolm,Engineering,ORD-4659,213.00
2660,Julia Roberts,Marketing,ORD-4660,230.00
2661,Alice Smith,Billing,ORD-4661,247.00
2662,Bob Jones,Support,ORD-4662,264.00
2663,Charlie Brown,Sales,ORD-4663,281.00
2664,Diana Prince,Engineering,ORD-4664,298.00
2665,Evan Wright,Marketing,ORD-4665,315.00
2666,Fiona Gallagher,Billing,ORD-4666,332.00
2667,George Clark,Support,ORD-4667,349.00
2668,Hannah Abbott,Sales,ORD-4668,366.00
2669,Ian Malcolm,Engineering,ORD-4669,383.00
2670,Julia Roberts,Marketing,ORD-4670,400.00
2671,Alice Smith,Billing,ORD-4671,417.00
2672,Bob Jones,Support,ORD-4672,434.00
2673,Charlie Brown,Sales,ORD-4673,451.00
2674,Diana Prince,Engineering,ORD-4674,468.00
2675,Evan Wright,Marketing,ORD-4675,485.00
2676,Fiona Gallagher,Billing,ORD-4676,502.00
2677,George Clark,Support,ORD-4677,19.00
2678,Hannah Abbott,Sales,ORD-4678,36.00
2679,Ian Malcolm,Engineering,ORD-4679,53.00
2680,Julia Roberts,Marketing,ORD-4680,70.00
2681,Alice Smith,Billing,ORD-4681,87.00
2682,Bob Jones,Support,ORD-4682,104.00
2683,Charlie Brown,Sales,ORD-4683,121.00
2684,Diana Prince,Engineering,ORD-4684,138.00
2685,Evan Wright,Marketing,ORD-4685,155.00
2686,Fiona Gallagher,Billing,ORD-4686,172.00
2687,George Clark,Support,ORD-4687,189.00
2688,Hannah Abbott,Sales,ORD-4688,206.00
2689,Ian Malcolm,Engineering,ORD-4689,223.00
2690,Julia Roberts,Marketing,ORD-4690,240.00
2691,Alice Smith,Billing,ORD-4691,257.00
2692,Bob Jones,Support,ORD-4692,274.00
2693,Charlie Brown,Sales,ORD-4693,291.00
2694,Diana Prince,Engineering,ORD-4694,308.00
2695,Evan Wright,Marketing,ORD-4695,325.00
2696,Fiona Gallagher,Billing,ORD-4696,342.00
2697,George Clark,Support,ORD-4697,359.00
2698,Hannah Abbott,Sales,ORD-4698,376.00
2699,Ian Malcolm,Engineering,ORD-4699,393.00
2700,Julia Roberts,Marketing,ORD-4700,410.00
2701,Alice Smith,Billing,ORD-4701,427.00
2702,Bob Jones,Support,ORD-4702,444.00
2703,Charlie Brown,Sales,ORD-4703,461.00
2704,Diana Prince,Engineering,ORD-4704,478.00
2705,Evan Wright,Marketing,ORD-4705,495.00
2706,Fiona Gallagher,Billing,ORD-4706,12.00
2707,George Clark,Support,ORD-4707,29.00
2708,Hannah Abbott,Sales,ORD-4708,46.00
2709,Ian Malcolm,Engineering,ORD-4709,63.00
2710,Julia Roberts,Marketing,ORD-4710,80.00
2711,Alice Smith,Billing,ORD-4711,97.00
2712,Bob Jones,Support,ORD-4712,114.00
2713,Charlie Brown,Sales,ORD-4713,131.00
2714,Diana Prince,Engineering,ORD-4714,148.00
2715,Evan Wright,Marketing,ORD-4715,165.00
2716,Fiona Gallagher,Billing,ORD-4716,182.00
2717,George Clark,Support,ORD-4717,199.00
2718,Hannah Abbott,Sales,ORD-4718,216.00
2719,Ian Malcolm,Engineering,ORD-4719,233.00
2720,Julia Roberts,Marketing,ORD-4720,250.00
2721,Alice Smith,Billing,ORD-4721,267.00
2722,Bob Jones,Support,ORD-4722,284.00
2723,Charlie Brown,Sales,ORD-4723,301.00
2724,Diana Prince,Engineering,ORD-4724,318.00
2725,Evan Wright,Marketing,ORD-4725,335.00
2726,Fiona Gallagher,Billing,ORD-4726,352.00
2727,George Clark,Support,ORD-4727,369.00
2728,Hannah Abbott,Sales,ORD-4728,386.00
2729,Ian Malcolm,Engineering,ORD-4729,403.00
2730,Julia Roberts,Marketing,ORD-4730,420.00
2731,Alice Smith,Billing,ORD-4731,437.00
2732,Bob Jones,Support,ORD-4732,454.00
2733,Charlie Brown,Sales,ORD-4733,471.00
2734,Diana Prince,Engineering,ORD-4734,488.00
2735,Evan Wright,Marketing,ORD-4735,505.00
2736,Fiona Gallagher,Billing,ORD-4736,22.00
2737,George Clark,Support,ORD-4737,39.00
2738,Hannah Abbott,Sales,ORD-4738,56.00
2739,Ian Malcolm,Engineering,ORD-4739,73.00
2740,Julia Roberts,Marketing,ORD-4740,90.00
2741,Alice Smith,Billing,ORD-4741,107.00
2742,Bob Jones,Support,ORD-4742,124.00
2743,Charlie Brown,Sales,ORD-4743,141.00
2744,Diana Prince,Engineering,ORD-4744,158.00
2745,Evan Wright,Marketing,ORD-4745,175.00
2746,Fiona Gallagher,Billing,ORD-4746,192.00
2747,George Clark,Support,ORD-4747,209.00
2748,Hannah Abbott,Sales,ORD-4748,226.00
2749,Ian Malcolm,Engineering,ORD-4749,243.00
2750,Julia Roberts,Marketing,ORD-4750,260.00
2751,Alice Smith,Billing,ORD-4751,277.00
2752,Bob Jones,Support,ORD-4752,294.00
2753,Charlie Brown,Sales,ORD-4753,311.00
2754,Diana Prince,Engineering,ORD-4754,328.00
2755,Evan Wright,Marketing,ORD-4755,345.00
2756,Fiona Gallagher,Billing,ORD-4756,362.00
2757,George Clark,Support,ORD-4757,379.00
2758,Hannah Abbott,Sales,ORD-4758,396.00
2759,Ian Malcolm,Engineering,ORD-4759,413.00
2760,Julia Roberts,Marketing,ORD-4760,430.00
2761,Alice Smith,Billing,ORD-4761,447.00
2762,Bob Jones,Support,ORD-4762,464.00
2763,Charlie Brown,Sales,ORD-4763,481.00
2764,Diana Prince,Engineering,ORD-4764,498.00
2765,Evan Wright,Marketing,ORD-4765,15.00
2766,Fiona Gallagher,Billing,ORD-4766,32.00
2767,George Clark,Support,ORD-4767,49.00
2768,Hannah Abbott,Sales,ORD-4768,66.00
2769,Ian Malcolm,Engineering,ORD-4769,83.00
2770,Julia Roberts,Marketing,ORD-4770,100.00
2771,Alice Smith,Billing,ORD-4771,117.00
2772,Bob Jones,Support,ORD-4772,134.00
2773,Charlie Brown,Sales,ORD-4773,151.00
2774,Diana Prince,Engineering,ORD-4774,168.00
2775,Evan Wright,Marketing,ORD-4775,185.00
2776,Fiona Gallagher,Billing,ORD-4776,202.00
2777,George Clark,Support,ORD-4777,219.00
2778,Hannah Abbott,Sales,ORD-4778,236.00
2779,Ian Malcolm,Engineering,ORD-4779,253.00
2780,Julia Roberts,Marketing,ORD-4780,270.00
2781,Alice Smith,Billing,ORD-4781,287.00
2782,Bob Jones,Support,ORD-4782,304.00
2783,Charlie Brown,Sales,ORD-4783,321.00
2784,Diana Prince,Engineering,ORD-4784,338.00
2785,Evan Wright,Marketing,ORD-4785,355.00
2786,Fiona Gallagher,Billing,ORD-4786,372.00
2787,George Clark,Support,ORD-4787,389.00
2788,Hannah Abbott,Sales,ORD-4788,406.00
2789,Ian Malcolm,Engineering,ORD-4789,423.00
2790,Julia Roberts,Marketing,ORD-4790,440.00
2791,Alice Smith,Billing,ORD-4791,457.00
2792,Bob Jones,Support,ORD-4792,474.00
2793,Charlie Brown,Sales,ORD-4793,491.00
2794,Diana Prince,Engineering,ORD-4794,508.00
2795,Evan Wright,Marketing,ORD-4795,25.00
2796,Fiona Gallagher,Billing,ORD-4796,42.00
2797,George Clark,Support,ORD-4797,59.00
2798,Hannah Abbott,Sales,ORD-4798,76.00
2799,Ian Malcolm,Engineering,ORD-4799,93.00
2800,Julia Roberts,Marketing,ORD-4800,110.00
2801,Alice Smith,Billing,ORD-4801,127.00
2802,Bob Jones,Support,ORD-4802,144.00
2803,Charlie Brown,Sales,ORD-4803,161.00
2804,Diana Prince,Engineering,ORD-4804,178.00
2805,Evan Wright,Marketing,ORD-4805,195.00
2806,Fiona Gallagher,Billing,ORD-4806,212.00
2807,George Clark,Support,ORD-4807,229.00
2808,Hannah Abbott,Sales,ORD-4808,246.00
2809,Ian Malcolm,Engineering,ORD-4809,263.00
2810,Julia Roberts,Marketing,ORD-4810,280.00
2811,Alice Smith,Billing,ORD-4811,297.00
2812,Bob Jones,Support,ORD-4812,314.00
2813,Charlie Brown,Sales,ORD-4813,331.00
2814,Diana Prince,Engineering,ORD-4814,348.00
2815,Evan Wright,Marketing,ORD-4815,365.00
2816,Fiona Gallagher,Billing,ORD-4816,382.00
2817,George Clark,Support,ORD-4817,399.00
2818,Hannah Abbott,Sales,ORD-4818,416.00
2819,Ian Malcolm,Engineering,ORD-4819,433.00
2820,Julia Roberts,Marketing,ORD-4820,450.00
2821,Alice Smith,Billing,ORD-4821,467.00
2822,Bob Jones,Support,ORD-4822,484.00
2823,Charlie Brown,Sales,ORD-4823,501.00
2824,Diana Prince,Engineering,ORD-4824,18.00
2825,Evan Wright,Marketing,ORD-4825,35.00
2826,Fiona Gallagher,Billing,ORD-4826,52.00
2827,George Clark,Support,ORD-4827,69.00
2828,Hannah Abbott,Sales,ORD-4828,86.00
2829,Ian Malcolm,Engineering,ORD-4829,103.00
2830,Julia Roberts,Marketing,ORD-4830,120.00
2831,Alice Smith,Billing,ORD-4831,137.00
2832,Bob Jones,Support,ORD-4832,154.00
2833,Charlie Brown,Sales,ORD-4833,171.00
2834,Diana Prince,Engineering,ORD-4834,188.00
2835,Evan Wright,Marketing,ORD-4835,205.00
2836,Fiona Gallagher,Billing,ORD-4836,222.00
2837,George Clark,Support,ORD-4837,239.00
2838,Hannah Abbott,Sales,ORD-4838,256.00
2839,Ian Malcolm,Engineering,ORD-4839,273.00
2840,Julia Roberts,Marketing,ORD-4840,290.00
2841,Alice Smith,Billing,ORD-4841,307.00
2842,Bob Jones,Support,ORD-4842,324.00
2843,Charlie Brown,Sales,ORD-4843,341.00
2844,Diana Prince,Engineering,ORD-4844,358.00
2845,Evan Wright,Marketing,ORD-4845,375.00
2846,Fiona Gallagher,Billing,ORD-4846,392.00
2847,George Clark,Support,ORD-4847,409.00
2848,Hannah Abbott,Sales,ORD-4848,426.00
2849,Ian Malcolm,Engineering,ORD-4849,443.00
2850,Julia Roberts,Marketing,ORD-4850,460.00
2851,Alice Smith,Billing,ORD-4851,477.00
2852,Bob Jones,Support,ORD-4852,494.00
2853,Charlie Brown,Sales,ORD-4853,11.00
2854,Diana Prince,Engineering,ORD-4854,28.00
2855,Evan Wright,Marketing,ORD-4855,45.00
2856,Fiona Gallagher,Billing,ORD-4856,62.00
2857,George Clark,Support,ORD-4857,79.00
2858,Hannah Abbott,Sales,ORD-4858,96.00
2859,Ian Malcolm,Engineering,ORD-4859,113.00
2860,Julia Roberts,Marketing,ORD-4860,130.00
2861,Alice Smith,Billing,ORD-4861,147.00
2862,Bob Jones,Support,ORD-4862,164.00
2863,Charlie Brown,Sales,ORD-4863,181.00
2864,Diana Prince,Engineering,ORD-4864,198.00
2865,Evan Wright,Marketing,ORD-4865,215.00
2866,Fiona Gallagher,Billing,ORD-4866,232.00
2867,George Clark,Support,ORD-4867,249.00
2868,Hannah Abbott,Sales,ORD-4868,266.00
2869,Ian Malcolm,Engineering,ORD-4869,283.00
2870,Julia Roberts,Marketing,ORD-4870,300.00
2871,Alice Smith,Billing,ORD-4871,317.00
2872,Bob Jones,Support,ORD-4872,334.00
2873,Charlie Brown,Sales,ORD-4873,351.00
2874,Diana Prince,Engineering,ORD-4874,368.00
2875,Evan Wright,Marketing,ORD-4875,385.00
2876,Fiona Gallagher,Billing,ORD-4876,402.00
2877,George Clark,Support,ORD-4877,419.00
2878,Hannah Abbott,Sales,ORD-4878,436.00
2879,Ian Malcolm,Engineering,ORD-4879,453.00
2880,Julia Roberts,Marketing,ORD-4880,470.00
2881,Alice Smith,Billing,ORD-4881,487.00
2882,Bob Jones,Support,ORD-4882,504.00
2883,Charlie Brown,Sales,ORD-4883,21.00
2884,Diana Prince,Engineering,ORD-4884,38.00
2885,Evan Wright,Marketing,ORD-4885,55.00
2886,Fiona Gallagher,Billing,ORD-4886,72.00
2887,George Clark,Support,ORD-4887,89.00
2888,Hannah Abbott,Sales,ORD-4888,106.00
2889,Ian Malcolm,Engineering,ORD-4889,123.00
2890,Julia Roberts,Marketing,ORD-4890,140.00
2891,Alice Smith,Billing,ORD-4891,157.00
2892,Bob Jones,Support,ORD-4892,174.00
2893,Charlie Brown,Sales,ORD-4893,191.00
2894,Diana Prince,Engineering,ORD-4894,208.00
2895,Evan Wright,Marketing,ORD-4895,225.00
2896,Fiona Gallagher,Billing,ORD-4896,242.00
2897,George Clark,Support,ORD-4897,259.00
2898,Hannah Abbott,Sales,ORD-4898,276.00
2899,Ian Malcolm,Engineering,ORD-4899,293.00
2900,Julia Roberts,Marketing,ORD-4900,310.00
2901,Alice Smith,Billing,ORD-4901,327.00
2902,Bob Jones,Support,ORD-4902,344.00
2903,Charlie Brown,Sales,ORD-4903,361.00
2904,Diana Prince,Engineering,ORD-4904,378.00
2905,Evan Wright,Marketing,ORD-4905,395.00
2906,Fiona Gallagher,Billing,ORD-4906,412.00
2907,George Clark,Support,ORD-4907,429.00
2908,Hannah Abbott,Sales,ORD-4908,446.00
2909,Ian Malcolm,Engineering,ORD-4909,463.00
2910,Julia Roberts,Marketing,ORD-4910,480.00
2911,Alice Smith,Billing,ORD-4911,497.00
2912,Bob Jones,Support,ORD-4912,14.00
2913,Charlie Brown,Sales,ORD-4913,31.00
2914,Diana Prince,Engineering,ORD-4914,48.00
2915,Evan Wright,Marketing,ORD-4915,65.00
2916,Fiona Gallagher,Billing,ORD-4916,82.00
2917,George Clark,Support,ORD-4917,99.00
2918,Hannah Abbott,Sales,ORD-4918,116.00
2919,Ian Malcolm,Engineering,ORD-4919,133.00
2920,Julia Roberts,Marketing,ORD-4920,150.00
2921,Alice Smith,Billing,ORD-4921,167.00
2922,Bob Jones,Support,ORD-4922,184.00
2923,Charlie Brown,Sales,ORD-4923,201.00
2924,Diana Prince,Engineering,ORD-4924,218.00
2925,Evan Wright,Marketing,ORD-4925,235.00
2926,Fiona Gallagher,Billing,ORD-4926,252.00
2927,George Clark,Support,ORD-4927,269.00
2928,Hannah Abbott,Sales,ORD-4928,286.00
2929,Ian Malcolm,Engineering,ORD-4929,303.00
2930,Julia Roberts,Marketing,ORD-4930,320.00
2931,Alice Smith,Billing,ORD-4931,337.00
2932,Bob Jones,Support,ORD-4932,354.00
2933,Charlie Brown,Sales,ORD-4933,371.00
2934,Diana Prince,Engineering,ORD-4934,388.00
2935,Evan Wright,Marketing,ORD-4935,405.00
2936,Fiona Gallagher,Billing,ORD-4936,422.00
2937,George Clark,Support,ORD-4937,439.00
2938,Hannah Abbott,Sales,ORD-4938,456.00
2939,Ian Malcolm,Engineering,ORD-4939,473.00
2940,Julia Roberts,Marketing,ORD-4940,490.00
2941,Alice Smith,Billing,ORD-4941,507.00
2942,Bob Jones,Support,ORD-4942,24.00
2943,Charlie Brown,Sales,ORD-4943,41.00
2944,Diana Prince,Engineering,ORD-4944,58.00
2945,Evan Wright,Marketing,ORD-4945,75.00
2946,Fiona Gallagher,Billing,ORD-4946,92.00
2947,George Clark,Support,ORD-4947,109.00
2948,Hannah Abbott,Sales,ORD-4948,126.00
2949,Ian Malcolm,Engineering,ORD-4949,143.00
2950,Julia Roberts,Marketing,ORD-4950,160.00
2951,Alice Smith,Billing,ORD-4951,177.00
2952,Bob Jones,Support,ORD-4952,194.00
2953,Charlie Brown,Sales,ORD-4953,211.00
2954,Diana Prince,Engineering,ORD-4954,228.00
2955,Evan Wright,Marketing,ORD-4955,245.00
2956,Fiona Gallagher,Billing,ORD-4956,262.00
2957,George Clark,Support,ORD-4957,279.00
2958,Hannah Abbott,Sales,ORD-4958,296.00
2959,Ian Malcolm,Engineering,ORD-4959,313.00
2960,Julia Roberts,Marketing,ORD-4960,330.00
2961,Alice Smith,Billing,ORD-4961,347.00
2962,Bob Jones,Support,ORD-4962,364.00
2963,Charlie Brown,Sales,ORD-4963,381.00
2964,Diana Prince,Engineering,ORD-4964,398.00
2965,Evan Wright,Marketing,ORD-4965,415.00
2966,Fiona Gallagher,Billing,ORD-4966,432.00
2967,George Clark,Support,ORD-4967,449.00
2968,Hannah Abbott,Sales,ORD-4968,466.00
2969,Ian Malcolm,Engineering,ORD-4969,483.00
2970,Julia Roberts,Marketing,ORD-4970,500.00
2971,Alice Smith,Billing,ORD-4971,17.00
2972,Bob Jones,Support,ORD-4972,34.00
2973,Charlie Brown,Sales,ORD-4973,51.00
2974,Diana Prince,Engineering,ORD-4974,68.00
2975,Evan Wright,Marketing,ORD-4975,85.00
2976,Fiona Gallagher,Billing,ORD-4976,102.00
2977,George Clark,Support,ORD-4977,119.00
2978,Hannah Abbott,Sales,ORD-4978,136.00
2979,Ian Malcolm,Engineering,ORD-4979,153.00
2980,Julia Roberts,Marketing,ORD-4980,170.00
2981,Alice Smith,Billing,ORD-4981,187.00
2982,Bob Jones,Support,ORD-4982,204.00
2983,Charlie Brown,Sales,ORD-4983,221.00
2984,Diana Prince,Engineering,ORD-4984,238.00
2985,Evan Wright,Marketing,ORD-4985,255.00
2986,Fiona Gallagher,Billing,ORD-4986,272.00
2987,George Clark,Support,ORD-4987,289.00
2988,Hannah Abbott,Sales,ORD-4988,306.00
2989,Ian Malcolm,Engineering,ORD-4989,323.00
2990,Julia Roberts,Marketing,ORD-4990,340.00
2991,Alice Smith,Billing,ORD-4991,357.00
2992,Bob Jones,Support,ORD-4992,374.00
2993,Charlie Brown,Sales,ORD-4993,391.00
2994,Diana Prince,Engineering,ORD-4994,408.00
2995,Evan Wright,Marketing,ORD-4995,425.00
2996,Fiona Gallagher,Billing,ORD-4996,442.00
2997,George Clark,Support,ORD-4997,459.00
2998,Hannah Abbott,Sales,ORD-4998,476.00
2999,Ian Malcolm,Engineering,ORD-4999,493.00
3000,Julia Roberts,Marketing,ORD-5000,10.00
3001,Alice Smith,Billing,ORD-5001,27.00
3002,Bob Jones,Support,ORD-5002,44.00
3003,Charlie Brown,Sales,ORD-5003,61.00
3004,Diana Prince,Engineering,ORD-5004,78.00
3005,Evan Wright,Marketing,ORD-5005,95.00
3006,Fiona Gallagher,Billing,ORD-5006,112.00
3007,George Clark,Support,ORD-5007,129.00
3008,Hannah Abbott,Sales,ORD-5008,146.00
3009,Ian Malcolm,Engineering,ORD-5009,163.00
3010,Julia Roberts,Marketing,ORD-5010,180.00
3011,Alice Smith,Billing,ORD-5011,197.00
3012,Bob Jones,Support,ORD-5012,214.00
3013,Charlie Brown,Sales,ORD-5013,231.00
3014,Diana Prince,Engineering,ORD-5014,248.00
3015,Evan Wright,Marketing,ORD-5015,265.00
3016,Fiona Gallagher,Billing,ORD-5016,282.00
3017,George Clark,Support,ORD-5017,299.00
3018,Hannah Abbott,Sales,ORD-5018,316.00
3019,Ian Malcolm,Engineering,ORD-5019,333.00
3020,Julia Roberts,Marketing,ORD-5020,350.00
3021,Alice Smith,Billing,ORD-5021,367.00
3022,Bob Jones,Support,ORD-5022,384.00
3023,Charlie Brown,Sales,ORD-5023,401.00
3024,Diana Prince,Engineering,ORD-5024,418.00
3025,Evan Wright,Marketing,ORD-5025,435.00
3026,Fiona Gallagher,Billing,ORD-5026,452.00
3027,George Clark,Support,ORD-5027,469.00
3028,Hannah Abbott,Sales,ORD-5028,486.00
3029,Ian Malcolm,Engineering,ORD-5029,503.00
3030,Julia Roberts,Marketing,ORD-5030,20.00
3031,Alice Smith,Billing,ORD-5031,37.00
3032,Bob Jones,Support,ORD-5032,54.00
3033,Charlie Brown,Sales,ORD-5033,71.00
3034,Diana Prince,Engineering,ORD-5034,88.00
3035,Evan Wright,Marketing,ORD-5035,105.00
3036,Fiona Gallagher,Billing,ORD-5036,122.00
3037,George Clark,Support,ORD-5037,139.00
3038,Hannah Abbott,Sales,ORD-5038,156.00
3039,Ian Malcolm,Engineering,ORD-5039,173.00
3040,Julia Roberts,Marketing,ORD-5040,190.00
3041,Alice Smith,Billing,ORD-5041,207.00
3042,Bob Jones,Support,ORD-5042,224.00
3043,Charlie Brown,Sales,ORD-5043,241.00
3044,Diana Prince,Engineering,ORD-5044,258.00
3045,Evan Wright,Marketing,ORD-5045,275.00
3046,Fiona Gallagher,Billing,ORD-5046,292.00
3047,George Clark,Support,ORD-5047,309.00
3048,Hannah Abbott,Sales,ORD-5048,326.00
3049,Ian Malcolm,Engineering,ORD-5049,343.00
3050,Julia Roberts,Marketing,ORD-5050,360.00
3051,Alice Smith,Billing,ORD-5051,377.00
3052,Bob Jones,Support,ORD-5052,394.00
3053,Charlie Brown,Sales,ORD-5053,411.00
3054,Diana Prince,Engineering,ORD-5054,428.00
3055,Evan Wright,Marketing,ORD-5055,445.00
3056,Fiona Gallagher,Billing,ORD-5056,462.00
3057,George Clark,Support,ORD-5057,479.00
3058,Hannah Abbott,Sales,ORD-5058,496.00
3059,Ian Malcolm,Engineering,ORD-5059,13.00
3060,Julia Roberts,Marketing,ORD-5060,30.00
3061,Alice Smith,Billing,ORD-5061,47.00
3062,Bob Jones,Support,ORD-5062,64.00
3063,Charlie Brown,Sales,ORD-5063,81.00
3064,Diana Prince,Engineering,ORD-5064,98.00
3065,Evan Wright,Marketing,ORD-5065,115.00
3066,Fiona Gallagher,Billing,ORD-5066,132.00
3067,George Clark,Support,ORD-5067,149.00
3068,Hannah Abbott,Sales,ORD-5068,166.00
3069,Ian Malcolm,Engineering,ORD-5069,183.00
3070,Julia Roberts,Marketing,ORD-5070,200.00
3071,Alice Smith,Billing,ORD-5071,217.00
3072,Bob Jones,Support,ORD-5072,234.00
3073,Charlie Brown,Sales,ORD-5073,251.00
3074,Diana Prince,Engineering,ORD-5074,268.00
3075,Evan Wright,Marketing,ORD-5075,285.00
3076,Fiona Gallagher,Billing,ORD-5076,302.00
3077,George Clark,Support,ORD-5077,319.00
3078,Hannah Abbott,Sales,ORD-5078,336.00
3079,Ian Malcolm,Engineering,ORD-5079,353.00
3080,Julia Roberts,Marketing,ORD-5080,370.00
3081,Alice Smith,Billing,ORD-5081,387.00
3082,Bob Jones,Support,ORD-5082,404.00
3083,Charlie Brown,Sales,ORD-5083,421.00
3084,Diana Prince,Engineering,ORD-5084,438.00
3085,Evan Wright,Marketing,ORD-5085,455.00
3086,Fiona Gallagher,Billing,ORD-5086,472.00
3087,George Clark,Support,ORD-5087,489.00
3088,Hannah Abbott,Sales,ORD-5088,506.00
3089,Ian Malcolm,Engineering,ORD-5089,23.00
3090,Julia Roberts,Marketing,ORD-5090,40.00
3091,Alice Smith,Billing,ORD-5091,57.00
3092,Bob Jones,Support,ORD-5092,74.00
3093,Charlie Brown,Sales,ORD-5093,91.00
3094,Diana Prince,Engineering,ORD-5094,108.00
3095,Evan Wright,Marketing,ORD-5095,125.00
3096,Fiona Gallagher,Billing,ORD-5096,142.00
3097,George Clark,Support,ORD-5097,159.00
3098,Hannah Abbott,Sales,ORD-5098,176.00
3099,Ian Malcolm,Engineering,ORD-5099,193.00
3100,Julia Roberts,Marketing,ORD-5100,210.00
3101,Alice Smith,Billing,ORD-5101,227.00
3102,Bob Jones,Support,ORD-5102,244.00
3103,Charlie Brown,Sales,ORD-5103,261.00
3104,Diana Prince,Engineering,ORD-5104,278.00
3105,Evan Wright,Marketing,ORD-5105,295.00
3106,Fiona Gallagher,Billing,ORD-5106,312.00
3107,George Clark,Support,ORD-5107,329.00
3108,Hannah Abbott,Sales,ORD-5108,346.00
3109,Ian Malcolm,Engineering,ORD-5109,363.00
3110,Julia Roberts,Marketing,ORD-5110,380.00
3111,Alice Smith,Billing,ORD-5111,397.00
3112,Bob Jones,Support,ORD-5112,414.00
3113,Charlie Brown,Sales,ORD-5113,431.00
3114,Diana Prince,Engineering,ORD-5114,448.00
3115,Evan Wright,Marketing,ORD-5115,465.00
3116,Fiona Gallagher,Billing,ORD-5116,482.00
3117,George Clark,Support,ORD-5117,499.00
3118,Hannah Abbott,Sales,ORD-5118,16.00
3119,Ian Malcolm,Engineering,ORD-5119,33.00
3120,Julia Roberts,Marketing,ORD-5120,50.00
3121,Alice Smith,Billing,ORD-5121,67.00
3122,Bob Jones,Support,ORD-5122,84.00
3123,Charlie Brown,Sales,ORD-5123,101.00
3124,Diana Prince,Engineering,ORD-5124,118.00
3125,Evan Wright,Marketing,ORD-5125,135.00
3126,Fiona Gallagher,Billing,ORD-5126,152.00
3127,George Clark,Support,ORD-5127,169.00
3128,Hannah Abbott,Sales,ORD-5128,186.00
3129,Ian Malcolm,Engineering,ORD-5129,203.00
3130,Julia Roberts,Marketing,ORD-5130,220.00
3131,Alice Smith,Billing,ORD-5131,237.00
3132,Bob Jones,Support,ORD-5132,254.00
3133,Charlie Brown,Sales,ORD-5133,271.00
3134,Diana Prince,Engineering,ORD-5134,288.00
3135,Evan Wright,Marketing,ORD-5135,305.00
3136,Fiona Gallagher,Billing,ORD-5136,322.00
3137,George Clark,Support,ORD-5137,339.00
3138,Hannah Abbott,Sales,ORD-5138,356.00
3139,Ian Malcolm,Engineering,ORD-5139,373.00
3140,Julia Roberts,Marketing,ORD-5140,390.00
3141,Alice Smith,Billing,ORD-5141,407.00
3142,Bob Jones,Support,ORD-5142,424.00
3143,Charlie Brown,Sales,ORD-5143,441.00
3144,Diana Prince,Engineering,ORD-5144,458.00
3145,Evan Wright,Marketing,ORD-5145,475.00
3146,Fiona Gallagher,Billing,ORD-5146,492.00
3147,George Clark,Support,ORD-5147,509.00
3148,Hannah Abbott,Sales,ORD-5148,26.00
3149,Ian Malcolm,Engineering,ORD-5149,43.00
3150,Julia Roberts,Marketing,ORD-5150,60.00
3151,Alice Smith,Billing,ORD-5151,77.00
3152,Bob Jones,Support,ORD-5152,94.00
3153,Charlie Brown,Sales,ORD-5153,111.00
3154,Diana Prince,Engineering,ORD-5154,128.00
3155,Evan Wright,Marketing,ORD-5155,145.00
3156,Fiona Gallagher,Billing,ORD-5156,162.00
3157,George Clark,Support,ORD-5157,179.00
3158,Hannah Abbott,Sales,ORD-5158,196.00
3159,Ian Malcolm,Engineering,ORD-5159,213.00
3160,Julia Roberts,Marketing,ORD-5160,230.00
3161,Alice Smith,Billing,ORD-5161,247.00
3162,Bob Jones,Support,ORD-5162,264.00
3163,Charlie Brown,Sales,ORD-5163,281.00
3164,Diana Prince,Engineering,ORD-5164,298.00
3165,Evan Wright,Marketing,ORD-5165,315.00
3166,Fiona Gallagher,Billing,ORD-5166,332.00
3167,George Clark,Support,ORD-5167,349.00
3168,Hannah Abbott,Sales,ORD-5168,366.00
3169,Ian Malcolm,Engineering,ORD-5169,383.00
3170,Julia Roberts,Marketing,ORD-5170,400.00
3171,Alice Smith,Billing,ORD-5171,417.00
3172,Bob Jones,Support,ORD-5172,434.00
3173,Charlie Brown,Sales,ORD-5173,451.00
3174,Diana Prince,Engineering,ORD-5174,468.00
3175,Evan Wright,Marketing,ORD-5175,485.00
3176,Fiona Gallagher,Billing,ORD-5176,502.00
3177,George Clark,Support,ORD-5177,19.00
3178,Hannah Abbott,Sales,ORD-5178,36.00
3179,Ian Malcolm,Engineering,ORD-5179,53.00
3180,Julia Roberts,Marketing,ORD-5180,70.00
3181,Alice Smith,Billing,ORD-5181,87.00
3182,Bob Jones,Support,ORD-5182,104.00
3183,Charlie Brown,Sales,ORD-5183,121.00
3184,Diana Prince,Engineering,ORD-5184,138.00
3185,Evan Wright,Marketing,ORD-5185,155.00
3186,Fiona Gallagher,Billing,ORD-5186,172.00
3187,George Clark,Support,ORD-5187,189.00
3188,Hannah Abbott,Sales,ORD-5188,206.00
3189,Ian Malcolm,Engineering,ORD-5189,223.00
3190,Julia Roberts,Marketing,ORD-5190,240.00
3191,Alice Smith,Billing,ORD-5191,257.00
3192,Bob Jones,Support,ORD-5192,274.00
3193,Charlie Brown,Sales,ORD-5193,291.00
3194,Diana Prince,Engineering,ORD-5194,308.00
3195,Evan Wright,Marketing,ORD-5195,325.00
3196,Fiona Gallagher,Billing,ORD-5196,342.00
3197,George Clark,Support,ORD-5197,359.00
3198,Hannah Abbott,Sales,ORD-5198,376.00
3199,Ian Malcolm,Engineering,ORD-5199,393.00
3200,Julia Roberts,Marketing,ORD-5200,410.00
3201,Alice Smith,Billing,ORD-5201,427.00
3202,Bob Jones,Support,ORD-5202,444.00
3203,Charlie Brown,Sales,ORD-5203,461.00
3204,Diana Prince,Engineering,ORD-5204,478.00
3205,Evan Wright,Marketing,ORD-5205,495.00
3206,Fiona Gallagher,Billing,ORD-5206,12.00
3207,George Clark,Support,ORD-5207,29.00
3208,Hannah Abbott,Sales,ORD-5208,46.00
3209,Ian Malcolm,Engineering,ORD-5209,63.00
3210,Julia Roberts,Marketing,ORD-5210,80.00
3211,Alice Smith,Billing,ORD-5211,97.00
3212,Bob Jones,Support,ORD-5212,114.00
3213,Charlie Brown,Sales,ORD-5213,131.00
3214,Diana Prince,Engineering,ORD-5214,148.00
3215,Evan Wright,Marketing,ORD-5215,165.00
3216,Fiona Gallagher,Billing,ORD-5216,182.00
3217,George Clark,Support,ORD-5217,199.00
3218,Hannah Abbott,Sales,ORD-5218,216.00
3219,Ian Malcolm,Engineering,ORD-5219,233.00
3220,Julia Roberts,Marketing,ORD-5220,250.00
3221,Alice Smith,Billing,ORD-5221,267.00
3222,Bob Jones,Support,ORD-5222,284.00
3223,Charlie Brown,Sales,ORD-5223,301.00
3224,Diana Prince,Engineering,ORD-5224,318.00
3225,Evan Wright,Marketing,ORD-5225,335.00
3226,Fiona Gallagher,Billing,ORD-5226,352.00
3227,George Clark,Support,ORD-5227,369.00
3228,Hannah Abbott,Sales,ORD-5228,386.00
3229,Ian Malcolm,Engineering,ORD-5229,403.00
3230,Julia Roberts,Marketing,ORD-5230,420.00
3231,Alice Smith,Billing,ORD-5231,437.00
3232,Bob Jones,Support,ORD-5232,454.00
3233,Charlie Brown,Sales,ORD-5233,471.00
3234,Diana Prince,Engineering,ORD-5234,488.00
3235,Evan Wright,Marketing,ORD-5235,505.00
3236,Fiona Gallagher,Billing,ORD-5236,22.00
3237,George Clark,Support,ORD-5237,39.00
3238,Hannah Abbott,Sales,ORD-5238,56.00
3239,Ian Malcolm,Engineering,ORD-5239,73.00
3240,Julia Roberts,Marketing,ORD-5240,90.00
3241,Alice Smith,Billing,ORD-5241,107.00
3242,Bob Jones,Support,ORD-5242,124.00
3243,Charlie Brown,Sales,ORD-5243,141.00
3244,Diana Prince,Engineering,ORD-5244,158.00
3245,Evan Wright,Marketing,ORD-5245,175.00
3246,Fiona Gallagher,Billing,ORD-5246,192.00
3247,George Clark,Support,ORD-5247,209.00
3248,Hannah Abbott,Sales,ORD-5248,226.00
3249,Ian Malcolm,Engineering,ORD-5249,243.00
3250,Julia Roberts,Marketing,ORD-5250,260.00
3251,Alice Smith,Billing,ORD-5251,277.00
3252,Bob Jones,Support,ORD-5252,294.00
3253,Charlie Brown,Sales,ORD-5253,311.00
3254,Diana Prince,Engineering,ORD-5254,328.00
3255,Evan Wright,Marketing,ORD-5255,345.00
3256,Fiona Gallagher,Billing,ORD-5256,362.00
3257,George Clark,Support,ORD-5257,379.00
3258,Hannah Abbott,Sales,ORD-5258,396.00
3259,Ian Malcolm,Engineering,ORD-5259,413.00
3260,Julia Roberts,Marketing,ORD-5260,430.00
3261,Alice Smith,Billing,ORD-5261,447.00
3262,Bob Jones,Support,ORD-5262,464.00
3263,Charlie Brown,Sales,ORD-5263,481.00
3264,Diana Prince,Engineering,ORD-5264,498.00
3265,Evan Wright,Marketing,ORD-5265,15.00
3266,Fiona Gallagher,Billing,ORD-5266,32.00
3267,George Clark,Support,ORD-5267,49.00
3268,Hannah Abbott,Sales,ORD-5268,66.00
3269,Ian Malcolm,Engineering,ORD-5269,83.00
3270,Julia Roberts,Marketing,ORD-5270,100.00
3271,Alice Smith,Billing,ORD-5271,117.00
3272,Bob Jones,Support,ORD-5272,134.00
3273,Charlie Brown,Sales,ORD-5273,151.00
3274,Diana Prince,Engineering,ORD-5274,168.00
3275,Evan Wright,Marketing,ORD-5275,185.00
3276,Fiona Gallagher,Billing,ORD-5276,202.00
3277,George Clark,Support,ORD-5277,219.00
3278,Hannah Abbott,Sales,ORD-5278,236.00
3279,Ian Malcolm,Engineering,ORD-5279,253.00
3280,Julia Roberts,Marketing,ORD-5280,270.00
3281,Alice Smith,Billing,ORD-5281,287.00
3282,Bob Jones,Support,ORD-5282,304.00
3283,Charlie Brown,Sales,ORD-5283,321.00
3284,Diana Prince,Engineering,ORD-5284,338.00
3285,Evan Wright,Marketing,ORD-5285,355.00
3286,Fiona Gallagher,Billing,ORD-5286,372.00
3287,George Clark,Support,ORD-5287,389.00
3288,Hannah Abbott,Sales,ORD-5288,406.00
3289,Ian Malcolm,Engineering,ORD-5289,423.00
3290,Julia Roberts,Marketing,ORD-5290,440.00
3291,Alice Smith,Billing,ORD-5291,457.00
3292,Bob Jones,Support,ORD-5292,474.00
3293,Charlie Brown,Sales,ORD-5293,491.00
3294,Diana Prince,Engineering,ORD-5294,508.00
3295,Evan Wright,Marketing,ORD-5295,25.00
3296,Fiona Gallagher,Billing,ORD-5296,42.00
3297,George Clark,Support,ORD-5297,59.00
3298,Hannah Abbott,Sales,ORD-5298,76.00
3299,Ian Malcolm,Engineering,ORD-5299,93.00
3300,Julia Roberts,Marketing,ORD-5300,110.00
3301,Alice Smith,Billing,ORD-5301,127.00
3302,Bob Jones,Support,ORD-5302,144.00
3303,Charlie Brown,Sales,ORD-5303,161.00
3304,Diana Prince,Engineering,ORD-5304,178.00
3305,Evan Wright,Marketing,ORD-5305,195.00
3306,Fiona Gallagher,Billing,ORD-5306,212.00
3307,George Clark,Support,ORD-5307,229.00
3308,Hannah Abbott,Sales,ORD-5308,246.00
3309,Ian Malcolm,Engineering,ORD-5309,263.00
3310,Julia Roberts,Marketing,ORD-5310,280.00
3311,Alice Smith,Billing,ORD-5311,297.00
3312,Bob Jones,Support,ORD-5312,314.00
3313,Charlie Brown,Sales,ORD-5313,331.00
3314,Diana Prince,Engineering,ORD-5314,348.00
3315,Evan Wright,Marketing,ORD-5315,365.00
3316,Fiona Gallagher,Billing,ORD-5316,382.00
3317,George Clark,Support,ORD-5317,399.00
3318,Hannah Abbott,Sales,ORD-5318,416.00
3319,Ian Malcolm,Engineering,ORD-5319,433.00
3320,Julia Roberts,Marketing,ORD-5320,450.00
3321,Alice Smith,Billing,ORD-5321,467.00
3322,Bob Jones,Support,ORD-5322,484.00
3323,Charlie Brown,Sales,ORD-5323,501.00
3324,Diana Prince,Engineering,ORD-5324,18.00
3325,Evan Wright,Marketing,ORD-5325,35.00
3326,Fiona Gallagher,Billing,ORD-5326,52.00
3327,George Clark,Support,ORD-5327,69.00
3328,Hannah Abbott,Sales,ORD-5328,86.00
3329,Ian Malcolm,Engineering,ORD-5329,103.00
3330,Julia Roberts,Marketing,ORD-5330,120.00
3331,Alice Smith,Billing,ORD-5331,137.00
3332,Bob Jones,Support,ORD-5332,154.00
3333,Charlie Brown,Sales,ORD-5333,171.00
3334,Diana Prince,Engineering,ORD-5334,188.00
3335,Evan Wright,Marketing,ORD-5335,205.00
3336,Fiona Gallagher,Billing,ORD-5336,222.00
3337,George Clark,Support,ORD-5337,239.00
3338,Hannah Abbott,Sales,ORD-5338,256.00
3339,Ian Malcolm,Engineering,ORD-5339,273.00
3340,Julia Roberts,Marketing,ORD-5340,290.00
3341,Alice Smith,Billing,ORD-5341,307.00
3342,Bob Jones,Support,ORD-5342,324.00
3343,Charlie Brown,Sales,ORD-5343,341.00
3344,Diana Prince,Engineering,ORD-5344,358.00
3345,Evan Wright,Marketing,ORD-5345,375.00
3346,Fiona Gallagher,Billing,ORD-5346,392.00
3347,George Clark,Support,ORD-5347,409.00
3348,Hannah Abbott,Sales,ORD-5348,426.00
3349,Ian Malcolm,Engineering,ORD-5349,443.00
3350,Julia Roberts,Marketing,ORD-5350,460.00
3351,Alice Smith,Billing,ORD-5351,477.00
3352,Bob Jones,Support,ORD-5352,494.00
3353,Charlie Brown,Sales,ORD-5353,11.00
3354,Diana Prince,Engineering,ORD-5354,28.00
3355,Evan Wright,Marketing,ORD-5355,45.00
3356,Fiona Gallagher,Billing,ORD-5356,62.00
3357,George Clark,Support,ORD-5357,79.00
3358,Hannah Abbott,Sales,ORD-5358,96.00
3359,Ian Malcolm,Engineering,ORD-5359,113.00
3360,Julia Roberts,Marketing,ORD-5360,130.00
3361,Alice Smith,Billing,ORD-5361,147.00
3362,Bob Jones,Support,ORD-5362,164.00
3363,Charlie Brown,Sales,ORD-5363,181.00
3364,Diana Prince,Engineering,ORD-5364,198.00
3365,Evan Wright,Marketing,ORD-5365,215.00
3366,Fiona Gallagher,Billing,ORD-5366,232.00
3367,George Clark,Support,ORD-5367,249.00
3368,Hannah Abbott,Sales,ORD-5368,266.00
3369,Ian Malcolm,Engineering,ORD-5369,283.00
3370,Julia Roberts,Marketing,ORD-5370,300.00
3371,Alice Smith,Billing,ORD-5371,317.00
3372,Bob Jones,Support,ORD-5372,334.00
3373,Charlie Brown,Sales,ORD-5373,351.00
3374,Diana Prince,Engineering,ORD-5374,368.00
3375,Evan Wright,Marketing,ORD-5375,385.00
3376,Fiona Gallagher,Billing,ORD-5376,402.00
3377,George Clark,Support,ORD-5377,419.00
3378,Hannah Abbott,Sales,ORD-5378,436.00
3379,Ian Malcolm,Engineering,ORD-5379,453.00
3380,Julia Roberts,Marketing,ORD-5380,470.00
3381,Alice Smith,Billing,ORD-5381,487.00
3382,Bob Jones,Support,ORD-5382,504.00
3383,Charlie Brown,Sales,ORD-5383,21.00
3384,Diana Prince,Engineering,ORD-5384,38.00
3385,Evan Wright,Marketing,ORD-5385,55.00
3386,Fiona Gallagher,Billing,ORD-5386,72.00
3387,George Clark,Support,ORD-5387,89.00
3388,Hannah Abbott,Sales,ORD-5388,106.00
3389,Ian Malcolm,Engineering,ORD-5389,123.00
3390,Julia Roberts,Marketing,ORD-5390,140.00
3391,Alice Smith,Billing,ORD-5391,157.00
3392,Bob Jones,Support,ORD-5392,174.00
3393,Charlie Brown,Sales,ORD-5393,191.00
3394,Diana Prince,Engineering,ORD-5394,208.00
3395,Evan Wright,Marketing,ORD-5395,225.00
3396,Fiona Gallagher,Billing,ORD-5396,242.00
3397,George Clark,Support,ORD-5397,259.00
3398,Hannah Abbott,Sales,ORD-5398,276.00
3399,Ian Malcolm,Engineering,ORD-5399,293.00
3400,Julia Roberts,Marketing,ORD-5400,310.00
3401,Alice Smith,Billing,ORD-5401,327.00
3402,Bob Jones,Support,ORD-5402,344.00
3403,Charlie Brown,Sales,ORD-5403,361.00
3404,Diana Prince,Engineering,ORD-5404,378.00
3405,Evan Wright,Marketing,ORD-5405,395.00
3406,Fiona Gallagher,Billing,ORD-5406,412.00
3407,George Clark,Support,ORD-5407,429.00
3408,Hannah Abbott,Sales,ORD-5408,446.00
3409,Ian Malcolm,Engineering,ORD-5409,463.00
3410,Julia Roberts,Marketing,ORD-5410,480.00
3411,Alice Smith,Billing,ORD-5411,497.00
3412,Bob Jones,Support,ORD-5412,14.00
3413,Charlie Brown,Sales,ORD-5413,31.00
3414,Diana Prince,Engineering,ORD-5414,48.00
3415,Evan Wright,Marketing,ORD-5415,65.00
3416,Fiona Gallagher,Billing,ORD-5416,82.00
3417,George Clark,Support,ORD-5417,99.00
3418,Hannah Abbott,Sales,ORD-5418,116.00
3419,Ian Malcolm,Engineering,ORD-5419,133.00
3420,Julia Roberts,Marketing,ORD-5420,150.00
3421,Alice Smith,Billing,ORD-5421,167.00
3422,Bob Jones,Support,ORD-5422,184.00
3423,Charlie Brown,Sales,ORD-5423,201.00
3424,Diana Prince,Engineering,ORD-5424,218.00
3425,Evan Wright,Marketing,ORD-5425,235.00
3426,Fiona Gallagher,Billing,ORD-5426,252.00
3427,George Clark,Support,ORD-5427,269.00
3428,Hannah Abbott,Sales,ORD-5428,286.00
3429,Ian Malcolm,Engineering,ORD-5429,303.00
3430,Julia Roberts,Marketing,ORD-5430,320.00
3431,Alice Smith,Billing,ORD-5431,337.00
3432,Bob Jones,Support,ORD-5432,354.00
3433,Charlie Brown,Sales,ORD-5433,371.00
3434,Diana Prince,Engineering,ORD-5434,388.00
3435,Evan Wright,Marketing,ORD-5435,405.00
3436,Fiona Gallagher,Billing,ORD-5436,422.00
3437,George Clark,Support,ORD-5437,439.00
3438,Hannah Abbott,Sales,ORD-5438,456.00
3439,Ian Malcolm,Engineering,ORD-5439,473.00
3440,Julia Roberts,Marketing,ORD-5440,490.00
3441,Alice Smith,Billing,ORD-5441,507.00
3442,Bob Jones,Support,ORD-5442,24.00
3443,Charlie Brown,Sales,ORD-5443,41.00
3444,Diana Prince,Engineering,ORD-5444,58.00
3445,Evan Wright,Marketing,ORD-5445,75.00
3446,Fiona Gallagher,Billing,ORD-5446,92.00
3447,George Clark,Support,ORD-5447,109.00
3448,Hannah Abbott,Sales,ORD-5448,126.00
3449,Ian Malcolm,Engineering,ORD-5449,143.00
3450,Julia Roberts,Marketing,ORD-5450,160.00
3451,Alice Smith,Billing,ORD-5451,177.00
3452,Bob Jones,Support,ORD-5452,194.00
3453,Charlie Brown,Sales,ORD-5453,211.00
3454,Diana Prince,Engineering,ORD-5454,228.00
3455,Evan Wright,Marketing,ORD-5455,245.00
3456,Fiona Gallagher,Billing,ORD-5456,262.00
3457,George Clark,Support,ORD-5457,279.00
3458,Hannah Abbott,Sales,ORD-5458,296.00
3459,Ian Malcolm,Engineering,ORD-5459,313.00
3460,Julia Roberts,Marketing,ORD-5460,330.00
3461,Alice Smith,Billing,ORD-5461,347.00
3462,Bob Jones,Support,ORD-5462,364.00
3463,Charlie Brown,Sales,ORD-5463,381.00
3464,Diana Prince,Engineering,ORD-5464,398.00
3465,Evan Wright,Marketing,ORD-5465,415.00
3466,Fiona Gallagher,Billing,ORD-5466,432.00
3467,George Clark,Support,ORD-5467,449.00
3468,Hannah Abbott,Sales,ORD-5468,466.00
3469,Ian Malcolm,Engineering,ORD-5469,483.00
3470,Julia Roberts,Marketing,ORD-5470,500.00
3471,Alice Smith,Billing,ORD-5471,17.00
3472,Bob Jones,Support,ORD-5472,34.00
3473,Charlie Brown,Sales,ORD-5473,51.00
3474,Diana Prince,Engineering,ORD-5474,68.00
3475,Evan Wright,Marketing,ORD-5475,85.00
3476,Fiona Gallagher,Billing,ORD-5476,102.00
3477,George Clark,Support,ORD-5477,119.00
3478,Hannah Abbott,Sales,ORD-5478,136.00
3479,Ian Malcolm,Engineering,ORD-5479,153.00
3480,Julia Roberts,Marketing,ORD-5480,170.00
3481,Alice Smith,Billing,ORD-5481,187.00
3482,Bob Jones,Support,ORD-5482,204.00
3483,Charlie Brown,Sales,ORD-5483,221.00
3484,Diana Prince,Engineering,ORD-5484,238.00
3485,Evan Wright,Marketing,ORD-5485,255.00
3486,Fiona Gallagher,Billing,ORD-5486,272.00
3487,George Clark,Support,ORD-5487,289.00
3488,Hannah Abbott,Sales,ORD-5488,306.00
3489,Ian Malcolm,Engineering,ORD-5489,323.00
3490,Julia Roberts,Marketing,ORD-5490,340.00
3491,Alice Smith,Billing,ORD-5491,357.00
3492,Bob Jones,Support,ORD-5492,374.00
3493,Charlie Brown,Sales,ORD-5493,391.00
3494,Diana Prince,Engineering,ORD-5494,408.00
3495,Evan Wright,Marketing,ORD-5495,425.00
3496,Fiona Gallagher,Billing,ORD-5496,442.00
3497,George Clark,Support,ORD-5497,459.00
3498,Hannah Abbott,Sales,ORD-5498,476.00
3499,Ian Malcolm,Engineering,ORD-5499,493.00
3500,Julia Roberts,Marketing,ORD-5500,10.00
3501,Alice Smith,Billing,ORD-5501,27.00
3502,Bob Jones,Support,ORD-5502,44.00
3503,Charlie Brown,Sales,ORD-5503,61.00
3504,Diana Prince,Engineering,ORD-5504,78.00
3505,Evan Wright,Marketing,ORD-5505,95.00
3506,Fiona Gallagher,Billing,ORD-5506,112.00
3507,George Clark,Support,ORD-5507,129.00
3508,Hannah Abbott,Sales,ORD-5508,146.00
3509,Ian Malcolm,Engineering,ORD-5509,163.00
3510,Julia Roberts,Marketing,ORD-5510,180.00
3511,Alice Smith,Billing,ORD-5511,197.00
3512,Bob Jones,Support,ORD-5512,214.00
3513,Charlie Brown,Sales,ORD-5513,231.00
3514,Diana Prince,Engineering,ORD-5514,248.00
3515,Evan Wright,Marketing,ORD-5515,265.00
3516,Fiona Gallagher,Billing,ORD-5516,282.00
3517,George Clark,Support,ORD-5517,299.00
3518,Hannah Abbott,Sales,ORD-5518,316.00
3519,Ian Malcolm,Engineering,ORD-5519,333.00
3520,Julia Roberts,Marketing,ORD-5520,350.00
3521,Alice Smith,Billing,ORD-5521,367.00
3522,Bob Jones,Support,ORD-5522,384.00
3523,Charlie Brown,Sales,ORD-5523,401.00
3524,Diana Prince,Engineering,ORD-5524,418.00
3525,Evan Wright,Marketing,ORD-5525,435.00
3526,Fiona Gallagher,Billing,ORD-5526,452.00
3527,George Clark,Support,ORD-5527,469.00
3528,Hannah Abbott,Sales,ORD-5528,486.00
3529,Ian Malcolm,Engineering,ORD-5529,503.00
3530,Julia Roberts,Marketing,ORD-5530,20.00
3531,Alice Smith,Billing,ORD-5531,37.00
3532,Bob Jones,Support,ORD-5532,54.00
3533,Charlie Brown,Sales,ORD-5533,71.00
3534,Diana Prince,Engineering,ORD-5534,88.00
3535,Evan Wright,Marketing,ORD-5535,105.00
3536,Fiona Gallagher,Billing,ORD-5536,122.00
3537,George Clark,Support,ORD-5537,139.00
3538,Hannah Abbott,Sales,ORD-5538,156.00
3539,Ian Malcolm,Engineering,ORD-5539,173.00
3540,Julia Roberts,Marketing,ORD-5540,190.00
3541,Alice Smith,Billing,ORD-5541,207.00
3542,Bob Jones,Support,ORD-5542,224.00
3543,Charlie Brown,Sales,ORD-5543,241.00
3544,Diana Prince,Engineering,ORD-5544,258.00
3545,Evan Wright,Marketing,ORD-5545,275.00
3546,Fiona Gallagher,Billing,ORD-5546,292.00
3547,George Clark,Support,ORD-5547,309.00
3548,Hannah Abbott,Sales,ORD-5548,326.00
3549,Ian Malcolm,Engineering,ORD-5549,343.00
3550,Julia Roberts,Marketing,ORD-5550,360.00
3551,Alice Smith,Billing,ORD-5551,377.00
3552,Bob Jones,Support,ORD-5552,394.00
3553,Charlie Brown,Sales,ORD-5553,411.00
3554,Diana Prince,Engineering,ORD-5554,428.00
3555,Evan Wright,Marketing,ORD-5555,445.00
3556,Fiona Gallagher,Billing,ORD-5556,462.00
3557,George Clark,Support,ORD-5557,479.00
3558,Hannah Abbott,Sales,ORD-5558,496.00
3559,Ian Malcolm,Engineering,ORD-5559,13.00
3560,Julia Roberts,Marketing,ORD-5560,30.00
3561,Alice Smith,Billing,ORD-5561,47.00
3562,Bob Jones,Support,ORD-5562,64.00
3563,Charlie Brown,Sales,ORD-5563,81.00
3564,Diana Prince,Engineering,ORD-5564,98.00
3565,Evan Wright,Marketing,ORD-5565,115.00
3566,Fiona Gallagher,Billing,ORD-5566,132.00
3567,George Clark,Support,ORD-5567,149.00
3568,Hannah Abbott,Sales,ORD-5568,166.00
3569,Ian Malcolm,Engineering,ORD-5569,183.00
3570,Julia Roberts,Marketing,ORD-5570,200.00
3571,Alice Smith,Billing,ORD-5571,217.00
3572,Bob Jones,Support,ORD-5572,234.00
3573,Charlie Brown,Sales,ORD-5573,251.00
3574,Diana Prince,Engineering,ORD-5574,268.00
3575,Evan Wright,Marketing,ORD-5575,285.00
3576,Fiona Gallagher,Billing,ORD-5576,302.00
3577,George Clark,Support,ORD-5577,319.00
3578,Hannah Abbott,Sales,ORD-5578,336.00
3579,Ian Malcolm,Engineering,ORD-5579,353.00
3580,Julia Roberts,Marketing,ORD-5580,370.00
3581,Alice Smith,Billing,ORD-5581,387.00
3582,Bob Jones,Support,ORD-5582,404.00
3583,Charlie Brown,Sales,ORD-5583,421.00
3584,Diana Prince,Engineering,ORD-5584,438.00
3585,Evan Wright,Marketing,ORD-5585,455.00
3586,Fiona Gallagher,Billing,ORD-5586,472.00
3587,George Clark,Support,ORD-5587,489.00
3588,Hannah Abbott,Sales,ORD-5588,506.00
3589,Ian Malcolm,Engineering,ORD-5589,23.00
3590,Julia Roberts,Marketing,ORD-5590,40.00
3591,Alice Smith,Billing,ORD-5591,57.00
3592,Bob Jones,Support,ORD-5592,74.00
3593,Charlie Brown,Sales,ORD-5593,91.00
3594,Diana Prince,Engineering,ORD-5594,108.00
3595,Evan Wright,Marketing,ORD-5595,125.00
3596,Fiona Gallagher,Billing,ORD-5596,142.00
3597,George Clark,Support,ORD-5597,159.00
3598,Hannah Abbott,Sales,ORD-5598,176.00
3599,Ian Malcolm,Engineering,ORD-5599,193.00
3600,Julia Roberts,Marketing,ORD-5600,210.00
3601,Alice Smith,Billing,ORD-5601,227.00
3602,Bob Jones,Support,ORD-5602,244.00
3603,Charlie Brown,Sales,ORD-5603,261.00
3604,Diana Prince,Engineering,ORD-5604,278.00
3605,Evan Wright,Marketing,ORD-5605,295.00
3606,Fiona Gallagher,Billing,ORD-5606,312.00
3607,George Clark,Support,ORD-5607,329.00
3608,Hannah Abbott,Sales,ORD-5608,346.00
3609,Ian Malcolm,Engineering,ORD-5609,363.00
3610,Julia Roberts,Marketing,ORD-5610,380.00
3611,Alice Smith,Billing,ORD-5611,397.00
3612,Bob Jones,Support,ORD-5612,414.00
3613,Charlie Brown,Sales,ORD-5613,431.00
3614,Diana Prince,Engineering,ORD-5614,448.00
3615,Evan Wright,Marketing,ORD-5615,465.00
3616,Fiona Gallagher,Billing,ORD-5616,482.00
3617,George Clark,Support,ORD-5617,499.00
3618,Hannah Abbott,Sales,ORD-5618,16.00
3619,Ian Malcolm,Engineering,ORD-5619,33.00
3620,Julia Roberts,Marketing,ORD-5620,50.00
3621,Alice Smith,Billing,ORD-5621,67.00
3622,Bob Jones,Support,ORD-5622,84.00
3623,Charlie Brown,Sales,ORD-5623,101.00
3624,Diana Prince,Engineering,ORD-5624,118.00
3625,Evan Wright,Marketing,ORD-5625,135.00
3626,Fiona Gallagher,Billing,ORD-5626,152.00
3627,George Clark,Support,ORD-5627,169.00
3628,Hannah Abbott,Sales,ORD-5628,186.00
3629,Ian Malcolm,Engineering,ORD-5629,203.00
3630,Julia Roberts,Marketing,ORD-5630,220.00
3631,Alice Smith,Billing,ORD-5631,237.00
3632,Bob Jones,Support,ORD-5632,254.00
3633,Charlie Brown,Sales,ORD-5633,271.00
3634,Diana Prince,Engineering,ORD-5634,288.00
3635,Evan Wright,Marketing,ORD-5635,305.00
3636,Fiona Gallagher,Billing,ORD-5636,322.00
3637,George Clark,Support,ORD-5637,339.00
3638,Hannah Abbott,Sales,ORD-5638,356.00
3639,Ian Malcolm,Engineering,ORD-5639,373.00
3640,Julia Roberts,Marketing,ORD-5640,390.00
3641,Alice Smith,Billing,ORD-5641,407.00
3642,Bob Jones,Support,ORD-5642,424.00
3643,Charlie Brown,Sales,ORD-5643,441.00
3644,Diana Prince,Engineering,ORD-5644,458.00
3645,Evan Wright,Marketing,ORD-5645,475.00
3646,Fiona Gallagher,Billing,ORD-5646,492.00
3647,George Clark,Support,ORD-5647,509.00
3648,Hannah Abbott,Sales,ORD-5648,26.00
3649,Ian Malcolm,Engineering,ORD-5649,43.00
3650,Julia Roberts,Marketing,ORD-5650,60.00
3651,Alice Smith,Billing,ORD-5651,77.00
3652,Bob Jones,Support,ORD-5652,94.00
3653,Charlie Brown,Sales,ORD-5653,111.00
3654,Diana Prince,Engineering,ORD-5654,128.00
3655,Evan Wright,Marketing,ORD-5655,145.00
3656,Fiona Gallagher,Billing,ORD-5656,162.00
3657,George Clark,Support,ORD-5657,179.00
3658,Hannah Abbott,Sales,ORD-5658,196.00
3659,Ian Malcolm,Engineering,ORD-5659,213.00
3660,Julia Roberts,Marketing,ORD-5660,230.00
3661,Alice Smith,Billing,ORD-5661,247.00
3662,Bob Jones,Support,ORD-5662,264.00
3663,Charlie Brown,Sales,ORD-5663,281.00
3664,Diana Prince,Engineering,ORD-5664,298.00
3665,Evan Wright,Marketing,ORD-5665,315.00
3666,Fiona Gallagher,Billing,ORD-5666,332.00
3667,George Clark,Support,ORD-5667,349.00
3668,Hannah Abbott,Sales,ORD-5668,366.00
3669,Ian Malcolm,Engineering,ORD-5669,383.00
3670,Julia Roberts,Marketing,ORD-5670,400.00
3671,Alice Smith,Billing,ORD-5671,417.00
3672,Bob Jones,Support,ORD-5672,434.00
3673,Charlie Brown,Sales,ORD-5673,451.00
3674,Diana Prince,Engineering,ORD-5674,468.00
3675,Evan Wright,Marketing,ORD-5675,485.00
3676,Fiona Gallagher,Billing,ORD-5676,502.00
3677,George Clark,Support,ORD-5677,19.00
3678,Hannah Abbott,Sales,ORD-5678,36.00
3679,Ian Malcolm,Engineering,ORD-5679,53.00
3680,Julia Roberts,Marketing,ORD-5680,70.00
3681,Alice Smith,Billing,ORD-5681,87.00
3682,Bob Jones,Support,ORD-5682,104.00
3683,Charlie Brown,Sales,ORD-5683,121.00
3684,Diana Prince,Engineering,ORD-5684,138.00
3685,Evan Wright,Marketing,ORD-5685,155.00
3686,Fiona Gallagher,Billing,ORD-5686,172.00
3687,George Clark,Support,ORD-5687,189.00
3688,Hannah Abbott,Sales,ORD-5688,206.00
3689,Ian Malcolm,Engineering,ORD-5689,223.00
3690,Julia Roberts,Marketing,ORD-5690,240.00
3691,Alice Smith,Billing,ORD-5691,257.00
3692,Bob Jones,Support,ORD-5692,274.00
3693,Charlie Brown,Sales,ORD-5693,291.00
3694,Diana Prince,Engineering,ORD-5694,308.00
3695,Evan Wright,Marketing,ORD-5695,325.00
3696,Fiona Gallagher,Billing,ORD-5696,342.00
3697,George Clark,Support,ORD-5697,359.00
3698,Hannah Abbott,Sales,ORD-5698,376.00
3699,Ian Malcolm,Engineering,ORD-5699,393.00
3700,Julia Roberts,Marketing,ORD-5700,410.00
3701,Alice Smith,Billing,ORD-5701,427.00
3702,Bob Jones,Support,ORD-5702,444.00
3703,Charlie Brown,Sales,ORD-5703,461.00
3704,Diana Prince,Engineering,ORD-5704,478.00
3705,Evan Wright,Marketing,ORD-5705,495.00
3706,Fiona Gallagher,Billing,ORD-5706,12.00
3707,George Clark,Support,ORD-5707,29.00
3708,Hannah Abbott,Sales,ORD-5708,46.00
3709,Ian Malcolm,Engineering,ORD-5709,63.00
3710,Julia Roberts,Marketing,ORD-5710,80.00
3711,Alice Smith,Billing,ORD-5711,97.00
3712,Bob Jones,Support,ORD-5712,114.00
3713,Charlie Brown,Sales,ORD-5713,131.00
3714,Diana Prince,Engineering,ORD-5714,148.00
3715,Evan Wright,Marketing,ORD-5715,165.00
3716,Fiona Gallagher,Billing,ORD-5716,182.00
3717,George Clark,Support,ORD-5717,199.00
3718,Hannah Abbott,Sales,ORD-5718,216.00
3719,Ian Malcolm,Engineering,ORD-5719,233.00
3720,Julia Roberts,Marketing,ORD-5720,250.00
3721,Alice Smith,Billing,ORD-5721,267.00
3722,Bob Jones,Support,ORD-5722,284.00
3723,Charlie Brown,Sales,ORD-5723,301.00
3724,Diana Prince,Engineering,ORD-5724,318.00
3725,Evan Wright,Marketing,ORD-5725,335.00
3726,Fiona Gallagher,Billing,ORD-5726,352.00
3727,George Clark,Support,ORD-5727,369.00
3728,Hannah Abbott,Sales,ORD-5728,386.00
3729,Ian Malcolm,Engineering,ORD-5729,403.00
3730,Julia Roberts,Marketing,ORD-5730,420.00
3731,Alice Smith,Billing,ORD-5731,437.00
3732,Bob Jones,Support,ORD-5732,454.00
3733,Charlie Brown,Sales,ORD-5733,471.00
3734,Diana Prince,Engineering,ORD-5734,488.00
3735,Evan Wright,Marketing,ORD-5735,505.00
3736,Fiona Gallagher,Billing,ORD-5736,22.00
3737,George Clark,Support,ORD-5737,39.00
3738,Hannah Abbott,Sales,ORD-5738,56.00
3739,Ian Malcolm,Engineering,ORD-5739,73.00
3740,Julia Roberts,Marketing,ORD-5740,90.00
3741,Alice Smith,Billing,ORD-5741,107.00
3742,Bob Jones,Support,ORD-5742,124.00
3743,Charlie Brown,Sales,ORD-5743,141.00
3744,Diana Prince,Engineering,ORD-5744,158.00
3745,Evan Wright,Marketing,ORD-5745,175.00
3746,Fiona Gallagher,Billing,ORD-5746,192.00
3747,George Clark,Support,ORD-5747,209.00
3748,Hannah Abbott,Sales,ORD-5748,226.00
3749,Ian Malcolm,Engineering,ORD-5749,243.00
3750,Julia Roberts,Marketing,ORD-5750,260.00
3751,Alice Smith,Billing,ORD-5751,277.00
3752,Bob Jones,Support,ORD-5752,294.00
3753,Charlie Brown,Sales,ORD-5753,311.00
3754,Diana Prince,Engineering,ORD-5754,328.00
3755,Evan Wright,Marketing,ORD-5755,345.00
3756,Fiona Gallagher,Billing,ORD-5756,362.00
3757,George Clark,Support,ORD-5757,379.00
3758,Hannah Abbott,Sales,ORD-5758,396.00
3759,Ian Malcolm,Engineering,ORD-5759,413.00
3760,Julia Roberts,Marketing,ORD-5760,430.00
3761,Alice Smith,Billing,ORD-5761,447.00
3762,Bob Jones,Support,ORD-5762,464.00
3763,Charlie Brown,Sales,ORD-5763,481.00
3764,Diana Prince,Engineering,ORD-5764,498.00
3765,Evan Wright,Marketing,ORD-5765,15.00
3766,Fiona Gallagher,Billing,ORD-5766,32.00
3767,George Clark,Support,ORD-5767,49.00
3768,Hannah Abbott,Sales,ORD-5768,66.00
3769,Ian Malcolm,Engineering,ORD-5769,83.00
3770,Julia Roberts,Marketing,ORD-5770,100.00
3771,Alice Smith,Billing,ORD-5771,117.00
3772,Bob Jones,Support,ORD-5772,134.00
3773,Charlie Brown,Sales,ORD-5773,151.00
3774,Diana Prince,Engineering,ORD-5774,168.00
3775,Evan Wright,Marketing,ORD-5775,185.00
3776,Fiona Gallagher,Billing,ORD-5776,202.00
3777,George Clark,Support,ORD-5777,219.00
3778,Hannah Abbott,Sales,ORD-5778,236.00
3779,Ian Malcolm,Engineering,ORD-5779,253.00
3780,Julia Roberts,Marketing,ORD-5780,270.00
3781,Alice Smith,Billing,ORD-5781,287.00
3782,Bob Jones,Support,ORD-5782,304.00
3783,Charlie Brown,Sales,ORD-5783,321.00
3784,Diana Prince,Engineering,ORD-5784,338.00
3785,Evan Wright,Marketing,ORD-5785,355.00
3786,Fiona Gallagher,Billing,ORD-5786,372.00
3787,George Clark,Support,ORD-5787,389.00
3788,Hannah Abbott,Sales,ORD-5788,406.00
3789,Ian Malcolm,Engineering,ORD-5789,423.00
3790,Julia Roberts,Marketing,ORD-5790,440.00
3791,Alice Smith,Billing,ORD-5791,457.00
3792,Bob Jones,Support,ORD-5792,474.00
3793,Charlie Brown,Sales,ORD-5793,491.00
3794,Diana Prince,Engineering,ORD-5794,508.00
3795,Evan Wright,Marketing,ORD-5795,25.00
3796,Fiona Gallagher,Billing,ORD-5796,42.00
3797,George Clark,Support,ORD-5797,59.00
3798,Hannah Abbott,Sales,ORD-5798,76.00
3799,Ian Malcolm,Engineering,ORD-5799,93.00
3800,Julia Roberts,Marketing,ORD-5800,110.00
3801,Alice Smith,Billing,ORD-5801,127.00
3802,Bob Jones,Support,ORD-5802,144.00
3803,Charlie Brown,Sales,ORD-5803,161.00
3804,Diana Prince,Engineering,ORD-5804,178.00
3805,Evan Wright,Marketing,ORD-5805,195.00
3806,Fiona Gallagher,Billing,ORD-5806,212.00
3807,George Clark,Support,ORD-5807,229.00
3808,Hannah Abbott,Sales,ORD-5808,246.00
3809,Ian Malcolm,Engineering,ORD-5809,263.00
3810,Julia Roberts,Marketing,ORD-5810,280.00
3811,Alice Smith,Billing,ORD-5811,297.00
3812,Bob Jones,Support,ORD-5812,314.00
3813,Charlie Brown,Sales,ORD-5813,331.00
3814,Diana Prince,Engineering,ORD-5814,348.00
3815,Evan Wright,Marketing,ORD-5815,365.00
3816,Fiona Gallagher,Billing,ORD-5816,382.00
3817,George Clark,Support,ORD-5817,399.00
3818,Hannah Abbott,Sales,ORD-5818,416.00
3819,Ian Malcolm,Engineering,ORD-5819,433.00
3820,Julia Roberts,Marketing,ORD-5820,450.00
3821,Alice Smith,Billing,ORD-5821,467.00
3822,Bob Jones,Support,ORD-5822,484.00
3823,Charlie Brown,Sales,ORD-5823,501.00
3824,Diana Prince,Engineering,ORD-5824,18.00
3825,Evan Wright,Marketing,ORD-5825,35.00
3826,Fiona Gallagher,Billing,ORD-5826,52.00
3827,George Clark,Support,ORD-5827,69.00
3828,Hannah Abbott,Sales,ORD-5828,86.00
3829,Ian Malcolm,Engineering,ORD-5829,103.00
3830,Julia Roberts,Marketing,ORD-5830,120.00
3831,Alice Smith,Billing,ORD-5831,137.00
3832,Bob Jones,Support,ORD-5832,154.00
3833,Charlie Brown,Sales,ORD-5833,171.00
3834,Diana Prince,Engineering,ORD-5834,188.00
3835,Evan Wright,Marketing,ORD-5835,205.00
3836,Fiona Gallagher,Billing,ORD-5836,222.00
3837,George Clark,Support,ORD-5837,239.00
3838,Hannah Abbott,Sales,ORD-5838,256.00
3839,Ian Malcolm,Engineering,ORD-5839,273.00
3840,Julia Roberts,Marketing,ORD-5840,290.00
3841,Alice Smith,Billing,ORD-5841,307.00
3842,Bob Jones,Support,ORD-5842,324.00
3843,Charlie Brown,Sales,ORD-5843,341.00
3844,Diana Prince,Engineering,ORD-5844,358.00
3845,Evan Wright,Marketing,ORD-5845,375.00
3846,Fiona Gallagher,Billing,ORD-5846,392.00
3847,George Clark,Support,ORD-5847,409.00
3848,Hannah Abbott,Sales,ORD-5848,426.00
3849,Ian Malcolm,Engineering,ORD-5849,443.00
3850,Julia Roberts,Marketing,ORD-5850,460.00
3851,Alice Smith,Billing,ORD-5851,477.00
3852,Bob Jones,Support,ORD-5852,494.00
3853,Charlie Brown,Sales,ORD-5853,11.00
3854,Diana Prince,Engineering,ORD-5854,28.00
3855,Evan Wright,Marketing,ORD-5855,45.00
3856,Fiona Gallagher,Billing,ORD-5856,62.00
3857,George Clark,Support,ORD-5857,79.00
3858,Hannah Abbott,Sales,ORD-5858,96.00
3859,Ian Malcolm,Engineering,ORD-5859,113.00
3860,Julia Roberts,Marketing,ORD-5860,130.00
3861,Alice Smith,Billing,ORD-5861,147.00
3862,Bob Jones,Support,ORD-5862,164.00
3863,Charlie Brown,Sales,ORD-5863,181.00
3864,Diana Prince,Engineering,ORD-5864,198.00
3865,Evan Wright,Marketing,ORD-5865,215.00
3866,Fiona Gallagher,Billing,ORD-5866,232.00
3867,George Clark,Support,ORD-5867,249.00
3868,Hannah Abbott,Sales,ORD-5868,266.00
3869,Ian Malcolm,Engineering,ORD-5869,283.00
3870,Julia Roberts,Marketing,ORD-5870,300.00
3871,Alice Smith,Billing,ORD-5871,317.00
3872,Bob Jones,Support,ORD-5872,334.00
3873,Charlie Brown,Sales,ORD-5873,351.00
3874,Diana Prince,Engineering,ORD-5874,368.00
3875,Evan Wright,Marketing,ORD-5875,385.00
3876,Fiona Gallagher,Billing,ORD-5876,402.00
3877,George Clark,Support,ORD-5877,419.00
3878,Hannah Abbott,Sales,ORD-5878,436.00
3879,Ian Malcolm,Engineering,ORD-5879,453.00
3880,Julia Roberts,Marketing,ORD-5880,470.00
3881,Alice Smith,Billing,ORD-5881,487.00
3882,Bob Jones,Support,ORD-5882,504.00
3883,Charlie Brown,Sales,ORD-5883,21.00
3884,Diana Prince,Engineering,ORD-5884,38.00
3885,Evan Wright,Marketing,ORD-5885,55.00
3886,Fiona Gallagher,Billing,ORD-5886,72.00
3887,George Clark,Support,ORD-5887,89.00
3888,Hannah Abbott,Sales,ORD-5888,106.00
3889,Ian Malcolm,Engineering,ORD-5889,123.00
3890,Julia Roberts,Marketing,ORD-5890,140.00
3891,Alice Smith,Billing,ORD-5891,157.00
3892,Bob Jones,Support,ORD-5892,174.00
3893,Charlie Brown,Sales,ORD-5893,191.00
3894,Diana Prince,Engineering,ORD-5894,208.00
3895,Evan Wright,Marketing,ORD-5895,225.00
3896,Fiona Gallagher,Billing,ORD-5896,242.00
3897,George Clark,Support,ORD-5897,259.00
3898,Hannah Abbott,Sales,ORD-5898,276.00
3899,Ian Malcolm,Engineering,ORD-5899,293.00
3900,Julia Roberts,Marketing,ORD-5900,310.00
3901,Alice Smith,Billing,ORD-5901,327.00
3902,Bob Jones,Support,ORD-5902,344.00
3903,Charlie Brown,Sales,ORD-5903,361.00
3904,Diana Prince,Engineering,ORD-5904,378.00
3905,Evan Wright,Marketing,ORD-5905,395.00
3906,Fiona Gallagher,Billing,ORD-5906,412.00
3907,George Clark,Support,ORD-5907,429.00
3908,Hannah Abbott,Sales,ORD-5908,446.00
3909,Ian Malcolm,Engineering,ORD-5909,463.00
3910,Julia Roberts,Marketing,ORD-5910,480.00
3911,Alice Smith,Billing,ORD-5911,497.00
3912,Bob Jones,Support,ORD-5912,14.00
3913,Charlie Brown,Sales,ORD-5913,31.00
3914,Diana Prince,Engineering,ORD-5914,48.00
3915,Evan Wright,Marketing,ORD-5915,65.00
3916,Fiona Gallagher,Billing,ORD-5916,82.00
3917,George Clark,Support,ORD-5917,99.00
3918,Hannah Abbott,Sales,ORD-5918,116.00
3919,Ian Malcolm,Engineering,ORD-5919,133.00
3920,Julia Roberts,Marketing,ORD-5920,150.00
3921,Alice Smith,Billing,ORD-5921,167.00
3922,Bob Jones,Support,ORD-5922,184.00
3923,Charlie Brown,Sales,ORD-5923,201.00
3924,Diana Prince,Engineering,ORD-5924,218.00
3925,Evan Wright,Marketing,ORD-5925,235.00
3926,Fiona Gallagher,Billing,ORD-5926,252.00
3927,George Clark,Support,ORD-5927,269.00
3928,Hannah Abbott,Sales,ORD-5928,286.00
3929,Ian Malcolm,Engineering,ORD-5929,303.00
3930,Julia Roberts,Marketing,ORD-5930,320.00
3931,Alice Smith,Billing,ORD-5931,337.00
3932,Bob Jones,Support,ORD-5932,354.00
3933,Charlie Brown,Sales,ORD-5933,371.00
3934,Diana Prince,Engineering,ORD-5934,388.00
3935,Evan Wright,Marketing,ORD-5935,405.00
3936,Fiona Gallagher,Billing,ORD-5936,422.00
3937,George Clark,Support,ORD-5937,439.00
3938,Hannah Abbott,Sales,ORD-5938,456.00
3939,Ian Malcolm,Engineering,ORD-5939,473.00
3940,Julia Roberts,Marketing,ORD-5940,490.00
3941,Alice Smith,Billing,ORD-5941,507.00
3942,Bob Jones,Support,ORD-5942,24.00
3943,Charlie Brown,Sales,ORD-5943,41.00
3944,Diana Prince,Engineering,ORD-5944,58.00
3945,Evan Wright,Marketing,ORD-5945,75.00
3946,Fiona Gallagher,Billing,ORD-5946,92.00
3947,George Clark,Support,ORD-5947,109.00
3948,Hannah Abbott,Sales,ORD-5948,126.00
3949,Ian Malcolm,Engineering,ORD-5949,143.00
3950,Julia Roberts,Marketing,ORD-5950,160.00
3951,Alice Smith,Billing,ORD-5951,177.00
3952,Bob Jones,Support,ORD-5952,194.00
3953,Charlie Brown,Sales,ORD-5953,211.00
3954,Diana Prince,Engineering,ORD-5954,228.00
3955,Evan Wright,Marketing,ORD-5955,245.00
3956,Fiona Gallagher,Billing,ORD-5956,262.00
3957,George Clark,Support,ORD-5957,279.00
3958,Hannah Abbott,Sales,ORD-5958,296.00
3959,Ian Malcolm,Engineering,ORD-5959,313.00
3960,Julia Roberts,Marketing,ORD-5960,330.00
3961,Alice Smith,Billing,ORD-5961,347.00
3962,Bob Jones,Support,ORD-5962,364.00
3963,Charlie Brown,Sales,ORD-5963,381.00
3964,Diana Prince,Engineering,ORD-5964,398.00
3965,Evan Wright,Marketing,ORD-5965,415.00
3966,Fiona Gallagher,Billing,ORD-5966,432.00
3967,George Clark,Support,ORD-5967,449.00
3968,Hannah Abbott,Sales,ORD-5968,466.00
3969,Ian Malcolm,Engineering,ORD-5969,483.00
3970,Julia Roberts,Marketing,ORD-5970,500.00
3971,Alice Smith,Billing,ORD-5971,17.00
3972,Bob Jones,Support,ORD-5972,34.00
3973,Charlie Brown,Sales,ORD-5973,51.00
3974,Diana Prince,Engineering,ORD-5974,68.00
3975,Evan Wright,Marketing,ORD-5975,85.00
3976,Fiona Gallagher,Billing,ORD-5976,102.00
3977,George Clark,Support,ORD-5977,119.00
3978,Hannah Abbott,Sales,ORD-5978,136.00
3979,Ian Malcolm,Engineering,ORD-5979,153.00
3980,Julia Roberts,Marketing,ORD-5980,170.00
3981,Alice Smith,Billing,ORD-5981,187.00
3982,Bob Jones,Support,ORD-5982,204.00
3983,Charlie Brown,Sales,ORD-5983,221.00
3984,Diana Prince,Engineering,ORD-5984,238.00
3985,Evan Wright,Marketing,ORD-5985,255.00
3986,Fiona Gallagher,Billing,ORD-5986,272.00
3987,George Clark,Support,ORD-5987,289.00
3988,Hannah Abbott,Sales,ORD-5988,306.00
3989,Ian Malcolm,Engineering,ORD-5989,323.00
3990,Julia Roberts,Marketing,ORD-5990,340.00
3991,Alice Smith,Billing,ORD-5991,357.00
3992,Bob Jones,Support,ORD-5992,374.00
3993,Charlie Brown,Sales,ORD-5993,391.00
3994,Diana Prince,Engineering,ORD-5994,408.00
3995,Evan Wright,Marketing,ORD-5995,425.00
3996,Fiona Gallagher,Billing,ORD-5996,442.00
3997,George Clark,Support,ORD-5997,459.00
3998,Hannah Abbott,Sales,ORD-5998,476.00
3999,Ian Malcolm,Engineering,ORD-5999,493.00
4000,Julia Roberts,Marketing,ORD-6000,10.00
4001,Alice Smith,Billing,ORD-6001,27.00
4002,Bob Jones,Support,ORD-6002,44.00
4003,Charlie Brown,Sales,ORD-6003,61.00
4004,Diana Prince,Engineering,ORD-6004,78.00
4005,Evan Wright,Marketing,ORD-6005,95.00
4006,Fiona Gallagher,Billing,ORD-6006,112.00
4007,George Clark,Support,ORD-6007,129.00
4008,Hannah Abbott,Sales,ORD-6008,146.00
4009,Ian Malcolm,Engineering,ORD-6009,163.00
4010,Julia Roberts,Marketing,ORD-6010,180.00
4011,Alice Smith,Billing,ORD-6011,197.00
4012,Bob Jones,Support,ORD-6012,214.00
4013,Charlie Brown,Sales,ORD-6013,231.00
4014,Diana Prince,Engineering,ORD-6014,248.00
4015,Evan Wright,Marketing,ORD-6015,265.00
4016,Fiona Gallagher,Billing,ORD-6016,282.00
4017,George Clark,Support,ORD-6017,299.00
4018,Hannah Abbott,Sales,ORD-6018,316.00
4019,Ian Malcolm,Engineering,ORD-6019,333.00
4020,Julia Roberts,Marketing,ORD-6020,350.00
4021,Alice Smith,Billing,ORD-6021,367.00
4022,Bob Jones,Support,ORD-6022,384.00
4023,Charlie Brown,Sales,ORD-6023,401.00
4024,Diana Prince,Engineering,ORD-6024,418.00
4025,Evan Wright,Marketing,ORD-6025,435.00
4026,Fiona Gallagher,Billing,ORD-6026,452.00
4027,George Clark,Support,ORD-6027,469.00
4028,Hannah Abbott,Sales,ORD-6028,486.00
4029,Ian Malcolm,Engineering,ORD-6029,503.00
4030,Julia Roberts,Marketing,ORD-6030,20.00
4031,Alice Smith,Billing,ORD-6031,37.00
4032,Bob Jones,Support,ORD-6032,54.00
4033,Charlie Brown,Sales,ORD-6033,71.00
4034,Diana Prince,Engineering,ORD-6034,88.00
4035,Evan Wright,Marketing,ORD-6035,105.00
4036,Fiona Gallagher,Billing,ORD-6036,122.00
4037,George Clark,Support,ORD-6037,139.00
4038,Hannah Abbott,Sales,ORD-6038,156.00
4039,Ian Malcolm,Engineering,ORD-6039,173.00
4040,Julia Roberts,Marketing,ORD-6040,190.00
4041,Alice Smith,Billing,ORD-6041,207.00
4042,Bob Jones,Support,ORD-6042,224.00
4043,Charlie Brown,Sales,ORD-6043,241.00
4044,Diana Prince,Engineering,ORD-6044,258.00
4045,Evan Wright,Marketing,ORD-6045,275.00
4046,Fiona Gallagher,Billing,ORD-6046,292.00
4047,George Clark,Support,ORD-6047,309.00
4048,Hannah Abbott,Sales,ORD-6048,326.00
4049,Ian Malcolm,Engineering,ORD-6049,343.00
4050,Julia Roberts,Marketing,ORD-6050,360.00
4051,Alice Smith,Billing,ORD-6051,377.00
4052,Bob Jones,Support,ORD-6052,394.00
4053,Charlie Brown,Sales,ORD-6053,411.00
4054,Diana Prince,Engineering,ORD-6054,428.00
4055,Evan Wright,Marketing,ORD-6055,445.00
4056,Fiona Gallagher,Billing,ORD-6056,462.00
4057,George Clark,Support,ORD-6057,479.00
4058,Hannah Abbott,Sales,ORD-6058,496.00
4059,Ian Malcolm,Engineering,ORD-6059,13.00
4060,Julia Roberts,Marketing,ORD-6060,30.00
4061,Alice Smith,Billing,ORD-6061,47.00
4062,Bob Jones,Support,ORD-6062,64.00
4063,Charlie Brown,Sales,ORD-6063,81.00
4064,Diana Prince,Engineering,ORD-6064,98.00
4065,Evan Wright,Marketing,ORD-6065,115.00
4066,Fiona Gallagher,Billing,ORD-6066,132.00
4067,George Clark,Support,ORD-6067,149.00
4068,Hannah Abbott,Sales,ORD-6068,166.00
4069,Ian Malcolm,Engineering,ORD-6069,183.00
4070,Julia Roberts,Marketing,ORD-6070,200.00
4071,Alice Smith,Billing,ORD-6071,217.00
4072,Bob Jones,Support,ORD-6072,234.00
4073,Charlie Brown,Sales,ORD-6073,251.00
4074,Diana Prince,Engineering,ORD-6074,268.00
4075,Evan Wright,Marketing,ORD-6075,285.00
4076,Fiona Gallagher,Billing,ORD-6076,302.00
4077,George Clark,Support,ORD-6077,319.00
4078,Hannah Abbott,Sales,ORD-6078,336.00
4079,Ian Malcolm,Engineering,ORD-6079,353.00
4080,Julia Roberts,Marketing,ORD-6080,370.00
4081,Alice Smith,Billing,ORD-6081,387.00
4082,Bob Jones,Support,ORD-6082,404.00
4083,Charlie Brown,Sales,ORD-6083,421.00
4084,Diana Prince,Engineering,ORD-6084,438.00
4085,Evan Wright,Marketing,ORD-6085,455.00
4086,Fiona Gallagher,Billing,ORD-6086,472.00
4087,George Clark,Support,ORD-6087,489.00
4088,Hannah Abbott,Sales,ORD-6088,506.00
4089,Ian Malcolm,Engineering,ORD-6089,23.00
4090,Julia Roberts,Marketing,ORD-6090,40.00
4091,Alice Smith,Billing,ORD-6091,57.00
4092,Bob Jones,Support,ORD-6092,74.00
4093,Charlie Brown,Sales,ORD-6093,91.00
4094,Diana Prince,Engineering,ORD-6094,108.00
4095,Evan Wright,Marketing,ORD-6095,125.00
4096,Fiona Gallagher,Billing,ORD-6096,142.00
4097,George Clark,Support,ORD-6097,159.00
4098,Hannah Abbott,Sales,ORD-6098,176.00
4099,Ian Malcolm,Engineering,ORD-6099,193.00
4100,Julia Roberts,Marketing,ORD-6100,210.00
4101,Alice Smith,Billing,ORD-6101,227.00
4102,Bob Jones,Support,ORD-6102,244.00
4103,Charlie Brown,Sales,ORD-6103,261.00
4104,Diana Prince,Engineering,ORD-6104,278.00
4105,Evan Wright,Marketing,ORD-6105,295.00
4106,Fiona Gallagher,Billing,ORD-6106,312.00
4107,George Clark,Support,ORD-6107,329.00
4108,Hannah Abbott,Sales,ORD-6108,346.00
4109,Ian Malcolm,Engineering,ORD-6109,363.00
4110,Julia Roberts,Marketing,ORD-6110,380.00
4111,Alice Smith,Billing,ORD-6111,397.00
4112,Bob Jones,Support,ORD-6112,414.00
4113,Charlie Brown,Sales,ORD-6113,431.00
4114,Diana Prince,Engineering,ORD-6114,448.00
4115,Evan Wright,Marketing,ORD-6115,465.00
4116,Fiona Gallagher,Billing,ORD-6116,482.00
4117,George Clark,Support,ORD-6117,499.00
4118,Hannah Abbott,Sales,ORD-6118,16.00
4119,Ian Malcolm,Engineering,ORD-6119,33.00
4120,Julia Roberts,Marketing,ORD-6120,50.00
4121,Alice Smith,Billing,ORD-6121,67.00
4122,Bob Jones,Support,ORD-6122,84.00
4123,Charlie Brown,Sales,ORD-6123,101.00
4124,Diana Prince,Engineering,ORD-6124,118.00
4125,Evan Wright,Marketing,ORD-6125,135.00
4126,Fiona Gallagher,Billing,ORD-6126,152.00
4127,George Clark,Support,ORD-6127,169.00
4128,Hannah Abbott,Sales,ORD-6128,186.00
4129,Ian Malcolm,Engineering,ORD-6129,203.00
4130,Julia Roberts,Marketing,ORD-6130,220.00
4131,Alice Smith,Billing,ORD-6131,237.00
4132,Bob Jones,Support,ORD-6132,254.00
4133,Charlie Brown,Sales,ORD-6133,271.00
4134,Diana Prince,Engineering,ORD-6134,288.00
4135,Evan Wright,Marketing,ORD-6135,305.00
4136,Fiona Gallagher,Billing,ORD-6136,322.00
4137,George Clark,Support,ORD-6137,339.00
4138,Hannah Abbott,Sales,ORD-6138,356.00
4139,Ian Malcolm,Engineering,ORD-6139,373.00
4140,Julia Roberts,Marketing,ORD-6140,390.00
4141,Alice Smith,Billing,ORD-6141,407.00
4142,Bob Jones,Support,ORD-6142,424.00
4143,Charlie Brown,Sales,ORD-6143,441.00
4144,Diana Prince,Engineering,ORD-6144,458.00
4145,Evan Wright,Marketing,ORD-6145,475.00
4146,Fiona Gallagher,Billing,ORD-6146,492.00
4147,George Clark,Support,ORD-6147,509.00
4148,Hannah Abbott,Sales,ORD-6148,26.00
4149,Ian Malcolm,Engineering,ORD-6149,43.00
4150,Julia Roberts,Marketing,ORD-6150,60.00
4151,Alice Smith,Billing,ORD-6151,77.00
4152,Bob Jones,Support,ORD-6152,94.00
4153,Charlie Brown,Sales,ORD-6153,111.00
4154,Diana Prince,Engineering,ORD-6154,128.00
4155,Evan Wright,Marketing,ORD-6155,145.00
4156,Fiona Gallagher,Billing,ORD-6156,162.00
4157,George Clark,Support,ORD-6157,179.00
4158,Hannah Abbott,Sales,ORD-6158,196.00
4159,Ian Malcolm,Engineering,ORD-6159,213.00
4160,Julia Roberts,Marketing,ORD-6160,230.00
4161,Alice Smith,Billing,ORD-6161,247.00
4162,Bob Jones,Support,ORD-6162,264.00
4163,Charlie Brown,Sales,ORD-6163,281.00
4164,Diana Prince,Engineering,ORD-6164,298.00
4165,Evan Wright,Marketing,ORD-6165,315.00
4166,Fiona Gallagher,Billing,ORD-6166,332.00
4167,George Clark,Support,ORD-6167,349.00
4168,Hannah Abbott,Sales,ORD-6168,366.00
4169,Ian Malcolm,Engineering,ORD-6169,383.00
4170,Julia Roberts,Marketing,ORD-6170,400.00
4171,Alice Smith,Billing,ORD-6171,417.00
4172,Bob Jones,Support,ORD-6172,434.00
4173,Charlie Brown,Sales,ORD-6173,451.00
4174,Diana Prince,Engineering,ORD-6174,468.00
4175,Evan Wright,Marketing,ORD-6175,485.00
4176,Fiona Gallagher,Billing,ORD-6176,502.00
4177,George Clark,Support,ORD-6177,19.00
4178,Hannah Abbott,Sales,ORD-6178,36.00
4179,Ian Malcolm,Engineering,ORD-6179,53.00
4180,Julia Roberts,Marketing,ORD-6180,70.00
4181,Alice Smith,Billing,ORD-6181,87.00
4182,Bob Jones,Support,ORD-6182,104.00
4183,Charlie Brown,Sales,ORD-6183,121.00
4184,Diana Prince,Engineering,ORD-6184,138.00
4185,Evan Wright,Marketing,ORD-6185,155.00
4186,Fiona Gallagher,Billing,ORD-6186,172.00
4187,George Clark,Support,ORD-6187,189.00
4188,Hannah Abbott,Sales,ORD-6188,206.00
4189,Ian Malcolm,Engineering,ORD-6189,223.00
4190,Julia Roberts,Marketing,ORD-6190,240.00
4191,Alice Smith,Billing,ORD-6191,257.00
4192,Bob Jones,Support,ORD-6192,274.00
4193,Charlie Brown,Sales,ORD-6193,291.00
4194,Diana Prince,Engineering,ORD-6194,308.00
4195,Evan Wright,Marketing,ORD-6195,325.00
4196,Fiona Gallagher,Billing,ORD-6196,342.00
4197,George Clark,Support,ORD-6197,359.00
4198,Hannah Abbott,Sales,ORD-6198,376.00
4199,Ian Malcolm,Engineering,ORD-6199,393.00
4200,Julia Roberts,Marketing,ORD-6200,410.00
4201,Alice Smith,Billing,ORD-6201,427.00
4202,Bob Jones,Support,ORD-6202,444.00
4203,Charlie Brown,Sales,ORD-6203,461.00
4204,Diana Prince,Engineering,ORD-6204,478.00
4205,Evan Wright,Marketing,ORD-6205,495.00
4206,Fiona Gallagher,Billing,ORD-6206,12.00
4207,George Clark,Support,ORD-6207,29.00
4208,Hannah Abbott,Sales,ORD-6208,46.00
4209,Ian Malcolm,Engineering,ORD-6209,63.00
4210,Julia Roberts,Marketing,ORD-6210,80.00
4211,Alice Smith,Billing,ORD-6211,97.00
4212,Bob Jones,Support,ORD-6212,114.00
4213,Charlie Brown,Sales,ORD-6213,131.00
4214,Diana Prince,Engineering,ORD-6214,148.00
4215,Evan Wright,Marketing,ORD-6215,165.00
4216,Fiona Gallagher,Billing,ORD-6216,182.00
4217,George Clark,Support,ORD-6217,199.00
4218,Hannah Abbott,Sales,ORD-6218,216.00
4219,Ian Malcolm,Engineering,ORD-6219,233.00
4220,Julia Roberts,Marketing,ORD-6220,250.00
4221,Alice Smith,Billing,ORD-6221,267.00
4222,Bob Jones,Support,ORD-6222,284.00
4223,Charlie Brown,Sales,ORD-6223,301.00
4224,Diana Prince,Engineering,ORD-6224,318.00
4225,Evan Wright,Marketing,ORD-6225,335.00
4226,Fiona Gallagher,Billing,ORD-6226,352.00
4227,George Clark,Support,ORD-6227,369.00
4228,Hannah Abbott,Sales,ORD-6228,386.00
4229,Ian Malcolm,Engineering,ORD-6229,403.00
4230,Julia Roberts,Marketing,ORD-6230,420.00
4231,Alice Smith,Billing,ORD-6231,437.00
4232,Bob Jones,Support,ORD-6232,454.00
4233,Charlie Brown,Sales,ORD-6233,471.00
4234,Diana Prince,Engineering,ORD-6234,488.00
4235,Evan Wright,Marketing,ORD-6235,505.00
4236,Fiona Gallagher,Billing,ORD-6236,22.00
4237,George Clark,Support,ORD-6237,39.00
4238,Hannah Abbott,Sales,ORD-6238,56.00
4239,Ian Malcolm,Engineering,ORD-6239,73.00
4240,Julia Roberts,Marketing,ORD-6240,90.00
4241,Alice Smith,Billing,ORD-6241,107.00
4242,Bob Jones,Support,ORD-6242,124.00
4243,Charlie Brown,Sales,ORD-6243,141.00
4244,Diana Prince,Engineering,ORD-6244,158.00
4245,Evan Wright,Marketing,ORD-6245,175.00
4246,Fiona Gallagher,Billing,ORD-6246,192.00
4247,George Clark,Support,ORD-6247,209.00
4248,Hannah Abbott,Sales,ORD-6248,226.00
4249,Ian Malcolm,Engineering,ORD-6249,243.00
4250,Julia Roberts,Marketing,ORD-6250,260.00
4251,Alice Smith,Billing,ORD-6251,277.00
4252,Bob Jones,Support,ORD-6252,294.00
4253,Charlie Brown,Sales,ORD-6253,311.00
4254,Diana Prince,Engineering,ORD-6254,328.00
4255,Evan Wright,Marketing,ORD-6255,345.00
4256,Fiona Gallagher,Billing,ORD-6256,362.00
4257,George Clark,Support,ORD-6257,379.00
4258,Hannah Abbott,Sales,ORD-6258,396.00
4259,Ian Malcolm,Engineering,ORD-6259,413.00
4260,Julia Roberts,Marketing,ORD-6260,430.00
4261,Alice Smith,Billing,ORD-6261,447.00
4262,Bob Jones,Support,ORD-6262,464.00
4263,Charlie Brown,Sales,ORD-6263,481.00
4264,Diana Prince,Engineering,ORD-6264,498.00
4265,Evan Wright,Marketing,ORD-6265,15.00
4266,Fiona Gallagher,Billing,ORD-6266,32.00
4267,George Clark,Support,ORD-6267,49.00
4268,Hannah Abbott,Sales,ORD-6268,66.00
4269,Ian Malcolm,Engineering,ORD-6269,83.00
4270,Julia Roberts,Marketing,ORD-6270,100.00
4271,Alice Smith,Billing,ORD-6271,117.00
4272,Bob Jones,Support,ORD-6272,134.00
4273,Charlie Brown,Sales,ORD-6273,151.00
4274,Diana Prince,Engineering,ORD-6274,168.00
4275,Evan Wright,Marketing,ORD-6275,185.00
4276,Fiona Gallagher,Billing,ORD-6276,202.00
4277,George Clark,Support,ORD-6277,219.00
4278,Hannah Abbott,Sales,ORD-6278,236.00
4279,Ian Malcolm,Engineering,ORD-6279,253.00
4280,Julia Roberts,Marketing,ORD-6280,270.00
4281,Alice Smith,Billing,ORD-6281,287.00
4282,Bob Jones,Support,ORD-6282,304.00
4283,Charlie Brown,Sales,ORD-6283,321.00
4284,Diana Prince,Engineering,ORD-6284,338.00
4285,Evan Wright,Marketing,ORD-6285,355.00
4286,Fiona Gallagher,Billing,ORD-6286,372.00
4287,George Clark,Support,ORD-6287,389.00
4288,Hannah Abbott,Sales,ORD-6288,406.00
4289,Ian Malcolm,Engineering,ORD-6289,423.00
4290,Julia Roberts,Marketing,ORD-6290,440.00
4291,Alice Smith,Billing,ORD-6291,457.00
4292,Bob Jones,Support,ORD-6292,474.00
4293,Charlie Brown,Sales,ORD-6293,491.00
4294,Diana Prince,Engineering,ORD-6294,508.00
4295,Evan Wright,Marketing,ORD-6295,25.00
4296,Fiona Gallagher,Billing,ORD-6296,42.00
4297,George Clark,Support,ORD-6297,59.00
4298,Hannah Abbott,Sales,ORD-6298,76.00
4299,Ian Malcolm,Engineering,ORD-6299,93.00
4300,Julia Roberts,Marketing,ORD-6300,110.00
4301,Alice Smith,Billing,ORD-6301,127.00
4302,Bob Jones,Support,ORD-6302,144.00
4303,Charlie Brown,Sales,ORD-6303,161.00
4304,Diana Prince,Engineering,ORD-6304,178.00
4305,Evan Wright,Marketing,ORD-6305,195.00
4306,Fiona Gallagher,Billing,ORD-6306,212.00
4307,George Clark,Support,ORD-6307,229.00
4308,Hannah Abbott,Sales,ORD-6308,246.00
4309,Ian Malcolm,Engineering,ORD-6309,263.00
4310,Julia Roberts,Marketing,ORD-6310,280.00
4311,Alice Smith,Billing,ORD-6311,297.00
4312,Bob Jones,Support,ORD-6312,314.00
4313,Charlie Brown,Sales,ORD-6313,331.00
4314,Diana Prince,Engineering,ORD-6314,348.00
4315,Evan Wright,Marketing,ORD-6315,365.00
4316,Fiona Gallagher,Billing,ORD-6316,382.00
4317,George Clark,Support,ORD-6317,399.00
4318,Hannah Abbott,Sales,ORD-6318,416.00
4319,Ian Malcolm,Engineering,ORD-6319,433.00
4320,Julia Roberts,Marketing,ORD-6320,450.00
4321,Alice Smith,Billing,ORD-6321,467.00
4322,Bob Jones,Support,ORD-6322,484.00
4323,Charlie Brown,Sales,ORD-6323,501.00
4324,Diana Prince,Engineering,ORD-6324,18.00
4325,Evan Wright,Marketing,ORD-6325,35.00
4326,Fiona Gallagher,Billing,ORD-6326,52.00
4327,George Clark,Support,ORD-6327,69.00
4328,Hannah Abbott,Sales,ORD-6328,86.00
4329,Ian Malcolm,Engineering,ORD-6329,103.00
4330,Julia Roberts,Marketing,ORD-6330,120.00
4331,Alice Smith,Billing,ORD-6331,137.00
4332,Bob Jones,Support,ORD-6332,154.00
4333,Charlie Brown,Sales,ORD-6333,171.00
4334,Diana Prince,Engineering,ORD-6334,188.00
4335,Evan Wright,Marketing,ORD-6335,205.00
4336,Fiona Gallagher,Billing,ORD-6336,222.00
4337,George Clark,Support,ORD-6337,239.00
4338,Hannah Abbott,Sales,ORD-6338,256.00
4339,Ian Malcolm,Engineering,ORD-6339,273.00
4340,Julia Roberts,Marketing,ORD-6340,290.00
4341,Alice Smith,Billing,ORD-6341,307.00
4342,Bob Jones,Support,ORD-6342,324.00
4343,Charlie Brown,Sales,ORD-6343,341.00
4344,Diana Prince,Engineering,ORD-6344,358.00
4345,Evan Wright,Marketing,ORD-6345,375.00
4346,Fiona Gallagher,Billing,ORD-6346,392.00
4347,George Clark,Support,ORD-6347,409.00
4348,Hannah Abbott,Sales,ORD-6348,426.00
4349,Ian Malcolm,Engineering,ORD-6349,443.00
4350,Julia Roberts,Marketing,ORD-6350,460.00
4351,Alice Smith,Billing,ORD-6351,477.00
4352,Bob Jones,Support,ORD-6352,494.00
4353,Charlie Brown,Sales,ORD-6353,11.00
4354,Diana Prince,Engineering,ORD-6354,28.00
4355,Evan Wright,Marketing,ORD-6355,45.00
4356,Fiona Gallagher,Billing,ORD-6356,62.00
4357,George Clark,Support,ORD-6357,79.00
4358,Hannah Abbott,Sales,ORD-6358,96.00
4359,Ian Malcolm,Engineering,ORD-6359,113.00
4360,Julia Roberts,Marketing,ORD-6360,130.00
4361,Alice Smith,Billing,ORD-6361,147.00
4362,Bob Jones,Support,ORD-6362,164.00
4363,Charlie Brown,Sales,ORD-6363,181.00
4364,Diana Prince,Engineering,ORD-6364,198.00
4365,Evan Wright,Marketing,ORD-6365,215.00
4366,Fiona Gallagher,Billing,ORD-6366,232.00
4367,George Clark,Support,ORD-6367,249.00
4368,Hannah Abbott,Sales,ORD-6368,266.00
4369,Ian Malcolm,Engineering,ORD-6369,283.00
4370,Julia Roberts,Marketing,ORD-6370,300.00
4371,Alice Smith,Billing,ORD-6371,317.00
4372,Bob Jones,Support,ORD-6372,334.00
4373,Charlie Brown,Sales,ORD-6373,351.00
4374,Diana Prince,Engineering,ORD-6374,368.00
4375,Evan Wright,Marketing,ORD-6375,385.00
4376,Fiona Gallagher,Billing,ORD-6376,402.00
4377,George Clark,Support,ORD-6377,419.00
4378,Hannah Abbott,Sales,ORD-6378,436.00
4379,Ian Malcolm,Engineering,ORD-6379,453.00
4380,Julia Roberts,Marketing,ORD-6380,470.00
4381,Alice Smith,Billing,ORD-6381,487.00
4382,Bob Jones,Support,ORD-6382,504.00
4383,Charlie Brown,Sales,ORD-6383,21.00
4384,Diana Prince,Engineering,ORD-6384,38.00
4385,Evan Wright,Marketing,ORD-6385,55.00
4386,Fiona Gallagher,Billing,ORD-6386,72.00
4387,George Clark,Support,ORD-6387,89.00
4388,Hannah Abbott,Sales,ORD-6388,106.00
4389,Ian Malcolm,Engineering,ORD-6389,123.00
4390,Julia Roberts,Marketing,ORD-6390,140.00
4391,Alice Smith,Billing,ORD-6391,157.00
4392,Bob Jones,Support,ORD-6392,174.00
4393,Charlie Brown,Sales,ORD-6393,191.00
4394,Diana Prince,Engineering,ORD-6394,208.00
4395,Evan Wright,Marketing,ORD-6395,225.00
4396,Fiona Gallagher,Billing,ORD-6396,242.00
4397,George Clark,Support,ORD-6397,259.00
4398,Hannah Abbott,Sales,ORD-6398,276.00
4399,Ian Malcolm,Engineering,ORD-6399,293.00
4400,Julia Roberts,Marketing,ORD-6400,310.00
4401,Alice Smith,Billing,ORD-6401,327.00
4402,Bob Jones,Support,ORD-6402,344.00
4403,Charlie Brown,Sales,ORD-6403,361.00
4404,Diana Prince,Engineering,ORD-6404,378.00
4405,Evan Wright,Marketing,ORD-6405,395.00
4406,Fiona Gallagher,Billing,ORD-6406,412.00
4407,George Clark,Support,ORD-6407,429.00
4408,Hannah Abbott,Sales,ORD-6408,446.00
4409,Ian Malcolm,Engineering,ORD-6409,463.00
4410,Julia Roberts,Marketing,ORD-6410,480.00
4411,Alice Smith,Billing,ORD-6411,497.00
4412,Bob Jones,Support,ORD-6412,14.00
4413,Charlie Brown,Sales,ORD-6413,31.00
4414,Diana Prince,Engineering,ORD-6414,48.00
4415,Evan Wright,Marketing,ORD-6415,65.00
4416,Fiona Gallagher,Billing,ORD-6416,82.00
4417,George Clark,Support,ORD-6417,99.00
4418,Hannah Abbott,Sales,ORD-6418,116.00
4419,Ian Malcolm,Engineering,ORD-6419,133.00
4420,Julia Roberts,Marketing,ORD-6420,150.00
4421,Alice Smith,Billing,ORD-6421,167.00
4422,Bob Jones,Support,ORD-6422,184.00
4423,Charlie Brown,Sales,ORD-6423,201.00
4424,Diana Prince,Engineering,ORD-6424,218.00
4425,Evan Wright,Marketing,ORD-6425,235.00
4426,Fiona Gallagher,Billing,ORD-6426,252.00
4427,George Clark,Support,ORD-6427,269.00
4428,Hannah Abbott,Sales,ORD-6428,286.00
4429,Ian Malcolm,Engineering,ORD-6429,303.00
4430,Julia Roberts,Marketing,ORD-6430,320.00
4431,Alice Smith,Billing,ORD-6431,337.00
4432,Bob Jones,Support,ORD-6432,354.00
4433,Charlie Brown,Sales,ORD-6433,371.00
4434,Diana Prince,Engineering,ORD-6434,388.00
4435,Evan Wright,Marketing,ORD-6435,405.00
4436,Fiona Gallagher,Billing,ORD-6436,422.00
4437,George Clark,Support,ORD-6437,439.00
4438,Hannah Abbott,Sales,ORD-6438,456.00
4439,Ian Malcolm,Engineering,ORD-6439,473.00
4440,Julia Roberts,Marketing,ORD-6440,490.00
4441,Alice Smith,Billing,ORD-6441,507.00
4442,Bob Jones,Support,ORD-6442,24.00
4443,Charlie Brown,Sales,ORD-6443,41.00
4444,Diana Prince,Engineering,ORD-6444,58.00
4445,Evan Wright,Marketing,ORD-6445,75.00
4446,Fiona Gallagher,Billing,ORD-6446,92.00
4447,George Clark,Support,ORD-6447,109.00
4448,Hannah Abbott,Sales,ORD-6448,126.00
4449,Ian Malcolm,Engineering,ORD-6449,143.00
4450,Julia Roberts,Marketing,ORD-6450,160.00
4451,Alice Smith,Billing,ORD-6451,177.00
4452,Bob Jones,Support,ORD-6452,194.00
4453,Charlie Brown,Sales,ORD-6453,211.00
4454,Diana Prince,Engineering,ORD-6454,228.00
4455,Evan Wright,Marketing,ORD-6455,245.00
4456,Fiona Gallagher,Billing,ORD-6456,262.00
4457,George Clark,Support,ORD-6457,279.00
4458,Hannah Abbott,Sales,ORD-6458,296.00
4459,Ian Malcolm,Engineering,ORD-6459,313.00
4460,Julia Roberts,Marketing,ORD-6460,330.00
4461,Alice Smith,Billing,ORD-6461,347.00
4462,Bob Jones,Support,ORD-6462,364.00
4463,Charlie Brown,Sales,ORD-6463,381.00
4464,Diana Prince,Engineering,ORD-6464,398.00
4465,Evan Wright,Marketing,ORD-6465,415.00
4466,Fiona Gallagher,Billing,ORD-6466,432.00
4467,George Clark,Support,ORD-6467,449.00
4468,Hannah Abbott,Sales,ORD-6468,466.00
4469,Ian Malcolm,Engineering,ORD-6469,483.00
4470,Julia Roberts,Marketing,ORD-6470,500.00
4471,Alice Smith,Billing,ORD-6471,17.00
4472,Bob Jones,Support,ORD-6472,34.00
4473,Charlie Brown,Sales,ORD-6473,51.00
4474,Diana Prince,Engineering,ORD-6474,68.00
4475,Evan Wright,Marketing,ORD-6475,85.00
4476,Fiona Gallagher,Billing,ORD-6476,102.00
4477,George Clark,Support,ORD-6477,119.00
4478,Hannah Abbott,Sales,ORD-6478,136.00
4479,Ian Malcolm,Engineering,ORD-6479,153.00
4480,Julia Roberts,Marketing,ORD-6480,170.00
4481,Alice Smith,Billing,ORD-6481,187.00
4482,Bob Jones,Support,ORD-6482,204.00
4483,Charlie Brown,Sales,ORD-6483,221.00
4484,Diana Prince,Engineering,ORD-6484,238.00
4485,Evan Wright,Marketing,ORD-6485,255.00
4486,Fiona Gallagher,Billing,ORD-6486,272.00
4487,George Clark,Support,ORD-6487,289.00
4488,Hannah Abbott,Sales,ORD-6488,306.00
4489,Ian Malcolm,Engineering,ORD-6489,323.00
4490,Julia Roberts,Marketing,ORD-6490,340.00
4491,Alice Smith,Billing,ORD-6491,357.00
4492,Bob Jones,Support,ORD-6492,374.00
4493,Charlie Brown,Sales,ORD-6493,391.00
4494,Diana Prince,Engineering,ORD-6494,408.00
4495,Evan Wright,Marketing,ORD-6495,425.00
4496,Fiona Gallagher,Billing,ORD-6496,442.00
4497,George Clark,Support,ORD-6497,459.00
4498,Hannah Abbott,Sales,ORD-6498,476.00
4499,Ian Malcolm,Engineering,ORD-6499,493.00
4500,Julia Roberts,Marketing,ORD-6500,10.00
4501,Alice Smith,Billing,ORD-6501,27.00
4502,Bob Jones,Support,ORD-6502,44.00
4503,Charlie Brown,Sales,ORD-6503,61.00
4504,Diana Prince,Engineering,ORD-6504,78.00
4505,Evan Wright,Marketing,ORD-6505,95.00
4506,Fiona Gallagher,Billing,ORD-6506,112.00
4507,George Clark,Support,ORD-6507,129.00
4508,Hannah Abbott,Sales,ORD-6508,146.00
4509,Ian Malcolm,Engineering,ORD-6509,163.00
4510,Julia Roberts,Marketing,ORD-6510,180.00
4511,Alice Smith,Billing,ORD-6511,197.00
4512,Bob Jones,Support,ORD-6512,214.00
4513,Charlie Brown,Sales,ORD-6513,231.00
4514,Diana Prince,Engineering,ORD-6514,248.00
4515,Evan Wright,Marketing,ORD-6515,265.00
4516,Fiona Gallagher,Billing,ORD-6516,282.00
4517,George Clark,Support,ORD-6517,299.00
4518,Hannah Abbott,Sales,ORD-6518,316.00
4519,Ian Malcolm,Engineering,ORD-6519,333.00
4520,Julia Roberts,Marketing,ORD-6520,350.00
4521,Alice Smith,Billing,ORD-6521,367.00
4522,Bob Jones,Support,ORD-6522,384.00
4523,Charlie Brown,Sales,ORD-6523,401.00
4524,Diana Prince,Engineering,ORD-6524,418.00
4525,Evan Wright,Marketing,ORD-6525,435.00
4526,Fiona Gallagher,Billing,ORD-6526,452.00
4527,George Clark,Support,ORD-6527,469.00
4528,Hannah Abbott,Sales,ORD-6528,486.00
4529,Ian Malcolm,Engineering,ORD-6529,503.00
4530,Julia Roberts,Marketing,ORD-6530,20.00
4531,Alice Smith,Billing,ORD-6531,37.00
4532,Bob Jones,Support,ORD-6532,54.00
4533,Charlie Brown,Sales,ORD-6533,71.00
4534,Diana Prince,Engineering,ORD-6534,88.00
4535,Evan Wright,Marketing,ORD-6535,105.00
4536,Fiona Gallagher,Billing,ORD-6536,122.00
4537,George Clark,Support,ORD-6537,139.00
4538,Hannah Abbott,Sales,ORD-6538,156.00
4539,Ian Malcolm,Engineering,ORD-6539,173.00
4540,Julia Roberts,Marketing,ORD-6540,190.00
4541,Alice Smith,Billing,ORD-6541,207.00
4542,Bob Jones,Support,ORD-6542,224.00
4543,Charlie Brown,Sales,ORD-6543,241.00
4544,Diana Prince,Engineering,ORD-6544,258.00
4545,Evan Wright,Marketing,ORD-6545,275.00
4546,Fiona Gallagher,Billing,ORD-6546,292.00
4547,George Clark,Support,ORD-6547,309.00
4548,Hannah Abbott,Sales,ORD-6548,326.00
4549,Ian Malcolm,Engineering,ORD-6549,343.00
4550,Julia Roberts,Marketing,ORD-6550,360.00
4551,Alice Smith,Billing,ORD-6551,377.00
4552,Bob Jones,Support,ORD-6552,394.00
4553,Charlie Brown,Sales,ORD-6553,411.00
4554,Diana Prince,Engineering,ORD-6554,428.00
4555,Evan Wright,Marketing,ORD-6555,445.00
4556,Fiona Gallagher,Billing,ORD-6556,462.00
4557,George Clark,Support,ORD-6557,479.00
4558,Hannah Abbott,Sales,ORD-6558,496.00
4559,Ian Malcolm,Engineering,ORD-6559,13.00
4560,Julia Roberts,Marketing,ORD-6560,30.00
4561,Alice Smith,Billing,ORD-6561,47.00
4562,Bob Jones,Support,ORD-6562,64.00
4563,Charlie Brown,Sales,ORD-6563,81.00
4564,Diana Prince,Engineering,ORD-6564,98.00
4565,Evan Wright,Marketing,ORD-6565,115.00
4566,Fiona Gallagher,Billing,ORD-6566,132.00
4567,George Clark,Support,ORD-6567,149.00
4568,Hannah Abbott,Sales,ORD-6568,166.00
4569,Ian Malcolm,Engineering,ORD-6569,183.00
4570,Julia Roberts,Marketing,ORD-6570,200.00
4571,Alice Smith,Billing,ORD-6571,217.00
4572,Bob Jones,Support,ORD-6572,234.00
4573,Charlie Brown,Sales,ORD-6573,251.00
4574,Diana Prince,Engineering,ORD-6574,268.00
4575,Evan Wright,Marketing,ORD-6575,285.00
4576,Fiona Gallagher,Billing,ORD-6576,302.00
4577,George Clark,Support,ORD-6577,319.00
4578,Hannah Abbott,Sales,ORD-6578,336.00
4579,Ian Malcolm,Engineering,ORD-6579,353.00
4580,Julia Roberts,Marketing,ORD-6580,370.00
4581,Alice Smith,Billing,ORD-6581,387.00
4582,Bob Jones,Support,ORD-6582,404.00
4583,Charlie Brown,Sales,ORD-6583,421.00
4584,Diana Prince,Engineering,ORD-6584,438.00
4585,Evan Wright,Marketing,ORD-6585,455.00
4586,Fiona Gallagher,Billing,ORD-6586,472.00
4587,George Clark,Support,ORD-6587,489.00
4588,Hannah Abbott,Sales,ORD-6588,506.00
4589,Ian Malcolm,Engineering,ORD-6589,23.00
4590,Julia Roberts,Marketing,ORD-6590,40.00
4591,Alice Smith,Billing,ORD-6591,57.00
4592,Bob Jones,Support,ORD-6592,74.00
4593,Charlie Brown,Sales,ORD-6593,91.00
4594,Diana Prince,Engineering,ORD-6594,108.00
4595,Evan Wright,Marketing,ORD-6595,125.00
4596,Fiona Gallagher,Billing,ORD-6596,142.00
4597,George Clark,Support,ORD-6597,159.00
4598,Hannah Abbott,Sales,ORD-6598,176.00
4599,Ian Malcolm,Engineering,ORD-6599,193.00
4600,Julia Roberts,Marketing,ORD-6600,210.00
4601,Alice Smith,Billing,ORD-6601,227.00
4602,Bob Jones,Support,ORD-6602,244.00
4603,Charlie Brown,Sales,ORD-6603,261.00
4604,Diana Prince,Engineering,ORD-6604,278.00
4605,Evan Wright,Marketing,ORD-6605,295.00
4606,Fiona Gallagher,Billing,ORD-6606,312.00
4607,George Clark,Support,ORD-6607,329.00
4608,Hannah Abbott,Sales,ORD-6608,346.00
4609,Ian Malcolm,Engineering,ORD-6609,363.00
4610,Julia Roberts,Marketing,ORD-6610,380.00
4611,Alice Smith,Billing,ORD-6611,397.00
4612,Bob Jones,Support,ORD-6612,414.00
4613,Charlie Brown,Sales,ORD-6613,431.00
4614,Diana Prince,Engineering,ORD-6614,448.00
4615,Evan Wright,Marketing,ORD-6615,465.00
4616,Fiona Gallagher,Billing,ORD-6616,482.00
4617,George Clark,Support,ORD-6617,499.00
4618,Hannah Abbott,Sales,ORD-6618,16.00
4619,Ian Malcolm,Engineering,ORD-6619,33.00
4620,Julia Roberts,Marketing,ORD-6620,50.00
4621,Alice Smith,Billing,ORD-6621,67.00
4622,Bob Jones,Support,ORD-6622,84.00
4623,Charlie Brown,Sales,ORD-6623,101.00
4624,Diana Prince,Engineering,ORD-6624,118.00
4625,Evan Wright,Marketing,ORD-6625,135.00
4626,Fiona Gallagher,Billing,ORD-6626,152.00
4627,George Clark,Support,ORD-6627,169.00
4628,Hannah Abbott,Sales,ORD-6628,186.00
4629,Ian Malcolm,Engineering,ORD-6629,203.00
4630,Julia Roberts,Marketing,ORD-6630,220.00
4631,Alice Smith,Billing,ORD-6631,237.00
4632,Bob Jones,Support,ORD-6632,254.00
4633,Charlie Brown,Sales,ORD-6633,271.00
4634,Diana Prince,Engineering,ORD-6634,288.00
4635,Evan Wright,Marketing,ORD-6635,305.00
4636,Fiona Gallagher,Billing,ORD-6636,322.00
4637,George Clark,Support,ORD-6637,339.00
4638,Hannah Abbott,Sales,ORD-6638,356.00
4639,Ian Malcolm,Engineering,ORD-6639,373.00
4640,Julia Roberts,Marketing,ORD-6640,390.00
4641,Alice Smith,Billing,ORD-6641,407.00
4642,Bob Jones,Support,ORD-6642,424.00
4643,Charlie Brown,Sales,ORD-6643,441.00
4644,Diana Prince,Engineering,ORD-6644,458.00
4645,Evan Wright,Marketing,ORD-6645,475.00
4646,Fiona Gallagher,Billing,ORD-6646,492.00
4647,George Clark,Support,ORD-6647,509.00
4648,Hannah Abbott,Sales,ORD-6648,26.00
4649,Ian Malcolm,Engineering,ORD-6649,43.00
4650,Julia Roberts,Marketing,ORD-6650,60.00
4651,Alice Smith,Billing,ORD-6651,77.00
4652,Bob Jones,Support,ORD-6652,94.00
4653,Charlie Brown,Sales,ORD-6653,111.00
4654,Diana Prince,Engineering,ORD-6654,128.00
4655,Evan Wright,Marketing,ORD-6655,145.00
4656,Fiona Gallagher,Billing,ORD-6656,162.00
4657,George Clark,Support,ORD-6657,179.00
4658,Hannah Abbott,Sales,ORD-6658,196.00
4659,Ian Malcolm,Engineering,ORD-6659,213.00
4660,Julia Roberts,Marketing,ORD-6660,230.00
4661,Alice Smith,Billing,ORD-6661,247.00
4662,Bob Jones,Support,ORD-6662,264.00
4663,Charlie Brown,Sales,ORD-6663,281.00
4664,Diana Prince,Engineering,ORD-6664,298.00
4665,Evan Wright,Marketing,ORD-6665,315.00
4666,Fiona Gallagher,Billing,ORD-6666,332.00
4667,George Clark,Support,ORD-6667,349.00
4668,Hannah Abbott,Sales,ORD-6668,366.00
4669,Ian Malcolm,Engineering,ORD-6669,383.00
4670,Julia Roberts,Marketing,ORD-6670,400.00
4671,Alice Smith,Billing,ORD-6671,417.00
4672,Bob Jones,Support,ORD-6672,434.00
4673,Charlie Brown,Sales,ORD-6673,451.00
4674,Diana Prince,Engineering,ORD-6674,468.00
4675,Evan Wright,Marketing,ORD-6675,485.00
4676,Fiona Gallagher,Billing,ORD-6676,502.00
4677,George Clark,Support,ORD-6677,19.00
4678,Hannah Abbott,Sales,ORD-6678,36.00
4679,Ian Malcolm,Engineering,ORD-6679,53.00
4680,Julia Roberts,Marketing,ORD-6680,70.00
4681,Alice Smith,Billing,ORD-6681,87.00
4682,Bob Jones,Support,ORD-6682,104.00
4683,Charlie Brown,Sales,ORD-6683,121.00
4684,Diana Prince,Engineering,ORD-6684,138.00
4685,Evan Wright,Marketing,ORD-6685,155.00
4686,Fiona Gallagher,Billing,ORD-6686,172.00
4687,George Clark,Support,ORD-6687,189.00
4688,Hannah Abbott,Sales,ORD-6688,206.00
4689,Ian Malcolm,Engineering,ORD-6689,223.00
4690,Julia Roberts,Marketing,ORD-6690,240.00
4691,Alice Smith,Billing,ORD-6691,257.00
4692,Bob Jones,Support,ORD-6692,274.00
4693,Charlie Brown,Sales,ORD-6693,291.00
4694,Diana Prince,Engineering,ORD-6694,308.00
4695,Evan Wright,Marketing,ORD-6695,325.00
4696,Fiona Gallagher,Billing,ORD-6696,342.00
4697,George Clark,Support,ORD-6697,359.00
4698,Hannah Abbott,Sales,ORD-6698,376.00
4699,Ian Malcolm,Engineering,ORD-6699,393.00
4700,Julia Roberts,Marketing,ORD-6700,410.00
4701,Alice Smith,Billing,ORD-6701,427.00
4702,Bob Jones,Support,ORD-6702,444.00
4703,Charlie Brown,Sales,ORD-6703,461.00
4704,Diana Prince,Engineering,ORD-6704,478.00
4705,Evan Wright,Marketing,ORD-6705,495.00
4706,Fiona Gallagher,Billing,ORD-6706,12.00
4707,George Clark,Support,ORD-6707,29.00
4708,Hannah Abbott,Sales,ORD-6708,46.00
4709,Ian Malcolm,Engineering,ORD-6709,63.00
4710,Julia Roberts,Marketing,ORD-6710,80.00
4711,Alice Smith,Billing,ORD-6711,97.00
4712,Bob Jones,Support,ORD-6712,114.00
4713,Charlie Brown,Sales,ORD-6713,131.00
4714,Diana Prince,Engineering,ORD-6714,148.00
4715,Evan Wright,Marketing,ORD-6715,165.00
4716,Fiona Gallagher,Billing,ORD-6716,182.00
4717,George Clark,Support,ORD-6717,199.00
4718,Hannah Abbott,Sales,ORD-6718,216.00
4719,Ian Malcolm,Engineering,ORD-6719,233.00
4720,Julia Roberts,Marketing,ORD-6720,250.00
4721,Alice Smith,Billing,ORD-6721,267.00
4722,Bob Jones,Support,ORD-6722,284.00
4723,Charlie Brown,Sales,ORD-6723,301.00
4724,Diana Prince,Engineering,ORD-6724,318.00
4725,Evan Wright,Marketing,ORD-6725,335.00
4726,Fiona Gallagher,Billing,ORD-6726,352.00
4727,George Clark,Support,ORD-6727,369.00
4728,Hannah Abbott,Sales,ORD-6728,386.00
4729,Ian Malcolm,Engineering,ORD-6729,403.00
4730,Julia Roberts,Marketing,ORD-6730,420.00
4731,Alice Smith,Billing,ORD-6731,437.00
4732,Bob Jones,Support,ORD-6732,454.00
4733,Charlie Brown,Sales,ORD-6733,471.00
4734,Diana Prince,Engineering,ORD-6734,488.00
4735,Evan Wright,Marketing,ORD-6735,505.00
4736,Fiona Gallagher,Billing,ORD-6736,22.00
4737,George Clark,Support,ORD-6737,39.00
4738,Hannah Abbott,Sales,ORD-6738,56.00
4739,Ian Malcolm,Engineering,ORD-6739,73.00
4740,Julia Roberts,Marketing,ORD-6740,90.00
4741,Alice Smith,Billing,ORD-6741,107.00
4742,Bob Jones,Support,ORD-6742,124.00
4743,Charlie Brown,Sales,ORD-6743,141.00
4744,Diana Prince,Engineering,ORD-6744,158.00
4745,Evan Wright,Marketing,ORD-6745,175.00
4746,Fiona Gallagher,Billing,ORD-6746,192.00
4747,George Clark,Support,ORD-6747,209.00
4748,Hannah Abbott,Sales,ORD-6748,226.00
4749,Ian Malcolm,Engineering,ORD-6749,243.00
4750,Julia Roberts,Marketing,ORD-6750,260.00
4751,Alice Smith,Billing,ORD-6751,277.00
4752,Bob Jones,Support,ORD-6752,294.00
4753,Charlie Brown,Sales,ORD-6753,311.00
4754,Diana Prince,Engineering,ORD-6754,328.00
4755,Evan Wright,Marketing,ORD-6755,345.00
4756,Fiona Gallagher,Billing,ORD-6756,362.00
4757,George Clark,Support,ORD-6757,379.00
4758,Hannah Abbott,Sales,ORD-6758,396.00
4759,Ian Malcolm,Engineering,ORD-6759,413.00
4760,Julia Roberts,Marketing,ORD-6760,430.00
4761,Alice Smith,Billing,ORD-6761,447.00
4762,Bob Jones,Support,ORD-6762,464.00
4763,Charlie Brown,Sales,ORD-6763,481.00
4764,Diana Prince,Engineering,ORD-6764,498.00
4765,Evan Wright,Marketing,ORD-6765,15.00
4766,Fiona Gallagher,Billing,ORD-6766,32.00
4767,George Clark,Support,ORD-6767,49.00
4768,Hannah Abbott,Sales,ORD-6768,66.00
4769,Ian Malcolm,Engineering,ORD-6769,83.00
4770,Julia Roberts,Marketing,ORD-6770,100.00
4771,Alice Smith,Billing,ORD-6771,117.00
4772,Bob Jones,Support,ORD-6772,134.00
4773,Charlie Brown,Sales,ORD-6773,151.00
4774,Diana Prince,Engineering,ORD-6774,168.00
4775,Evan Wright,Marketing,ORD-6775,185.00
4776,Fiona Gallagher,Billing,ORD-6776,202.00
4777,George Clark,Support,ORD-6777,219.00
4778,Hannah Abbott,Sales,ORD-6778,236.00
4779,Ian Malcolm,Engineering,ORD-6779,253.00
4780,Julia Roberts,Marketing,ORD-6780,270.00
4781,Alice Smith,Billing,ORD-6781,287.00
4782,Bob Jones,Support,ORD-6782,304.00
4783,Charlie Brown,Sales,ORD-6783,321.00
4784,Diana Prince,Engineering,ORD-6784,338.00
4785,Evan Wright,Marketing,ORD-6785,355.00
4786,Fiona Gallagher,Billing,ORD-6786,372.00
4787,George Clark,Support,ORD-6787,389.00
4788,Hannah Abbott,Sales,ORD-6788,406.00
4789,Ian Malcolm,Engineering,ORD-6789,423.00
4790,Julia Roberts,Marketing,ORD-6790,440.00
4791,Alice Smith,Billing,ORD-6791,457.00
4792,Bob Jones,Support,ORD-6792,474.00
4793,Charlie Brown,Sales,ORD-6793,491.00
4794,Diana Prince,Engineering,ORD-6794,508.00
4795,Evan Wright,Marketing,ORD-6795,25.00
4796,Fiona Gallagher,Billing,ORD-6796,42.00
4797,George Clark,Support,ORD-6797,59.00
4798,Hannah Abbott,Sales,ORD-6798,76.00
4799,Ian Malcolm,Engineering,ORD-6799,93.00
4800,Julia Roberts,Marketing,ORD-6800,110.00
4801,Alice Smith,Billing,ORD-6801,127.00
4802,Bob Jones,Support,ORD-6802,144.00
4803,Charlie Brown,Sales,ORD-6803,161.00
4804,Diana Prince,Engineering,ORD-6804,178.00
4805,Evan Wright,Marketing,ORD-6805,195.00
4806,Fiona Gallagher,Billing,ORD-6806,212.00
4807,George Clark,Support,ORD-6807,229.00
4808,Hannah Abbott,Sales,ORD-6808,246.00
4809,Ian Malcolm,Engineering,ORD-6809,263.00
4810,Julia Roberts,Marketing,ORD-6810,280.00
4811,Alice Smith,Billing,ORD-6811,297.00
4812,Bob Jones,Support,ORD-6812,314.00
4813,Charlie Brown,Sales,ORD-6813,331.00
4814,Diana Prince,Engineering,ORD-6814,348.00
4815,Evan Wright,Marketing,ORD-6815,365.00
4816,Fiona Gallagher,Billing,ORD-6816,382.00
4817,George Clark,Support,ORD-6817,399.00
4818,Hannah Abbott,Sales,ORD-6818,416.00
4819,Ian Malcolm,Engineering,ORD-6819,433.00
4820,Julia Roberts,Marketing,ORD-6820,450.00
4821,Alice Smith,Billing,ORD-6821,467.00
4822,Bob Jones,Support,ORD-6822,484.00
4823,Charlie Brown,Sales,ORD-6823,501.00
4824,Diana Prince,Engineering,ORD-6824,18.00
4825,Evan Wright,Marketing,ORD-6825,35.00
4826,Fiona Gallagher,Billing,ORD-6826,52.00
4827,George Clark,Support,ORD-6827,69.00
4828,Hannah Abbott,Sales,ORD-6828,86.00
4829,Ian Malcolm,Engineering,ORD-6829,103.00
4830,Julia Roberts,Marketing,ORD-6830,120.00
4831,Alice Smith,Billing,ORD-6831,137.00
4832,Bob Jones,Support,ORD-6832,154.00
4833,Charlie Brown,Sales,ORD-6833,171.00
4834,Diana Prince,Engineering,ORD-6834,188.00
4835,Evan Wright,Marketing,ORD-6835,205.00
4836,Fiona Gallagher,Billing,ORD-6836,222.00
4837,George Clark,Support,ORD-6837,239.00
4838,Hannah Abbott,Sales,ORD-6838,256.00
4839,Ian Malcolm,Engineering,ORD-6839,273.00
4840,Julia Roberts,Marketing,ORD-6840,290.00
4841,Alice Smith,Billing,ORD-6841,307.00
4842,Bob Jones,Support,ORD-6842,324.00
4843,Charlie Brown,Sales,ORD-6843,341.00
4844,Diana Prince,Engineering,ORD-6844,358.00
4845,Evan Wright,Marketing,ORD-6845,375.00
4846,Fiona Gallagher,Billing,ORD-6846,392.00
4847,George Clark,Support,ORD-6847,409.00
4848,Hannah Abbott,Sales,ORD-6848,426.00
4849,Ian Malcolm,Engineering,ORD-6849,443.00
4850,Julia Roberts,Marketing,ORD-6850,460.00
4851,Alice Smith,Billing,ORD-6851,477.00
4852,Bob Jones,Support,ORD-6852,494.00
4853,Charlie Brown,Sales,ORD-6853,11.00
4854,Diana Prince,Engineering,ORD-6854,28.00
4855,Evan Wright,Marketing,ORD-6855,45.00
4856,Fiona Gallagher,Billing,ORD-6856,62.00
4857,George Clark,Support,ORD-6857,79.00
4858,Hannah Abbott,Sales,ORD-6858,96.00
4859,Ian Malcolm,Engineering,ORD-6859,113.00
4860,Julia Roberts,Marketing,ORD-6860,130.00
4861,Alice Smith,Billing,ORD-6861,147.00
4862,Bob Jones,Support,ORD-6862,164.00
4863,Charlie Brown,Sales,ORD-6863,181.00
4864,Diana Prince,Engineering,ORD-6864,198.00
4865,Evan Wright,Marketing,ORD-6865,215.00
4866,Fiona Gallagher,Billing,ORD-6866,232.00
4867,George Clark,Support,ORD-6867,249.00
4868,Hannah Abbott,Sales,ORD-6868,266.00
4869,Ian Malcolm,Engineering,ORD-6869,283.00
4870,Julia Roberts,Marketing,ORD-6870,300.00
4871,Alice Smith,Billing,ORD-6871,317.00
4872,Bob Jones,Support,ORD-6872,334.00
4873,Charlie Brown,Sales,ORD-6873,351.00
4874,Diana Prince,Engineering,ORD-6874,368.00
4875,Evan Wright,Marketing,ORD-6875,385.00
4876,Fiona Gallagher,Billing,ORD-6876,402.00
4877,George Clark,Support,ORD-6877,419.00
4878,Hannah Abbott,Sales,ORD-6878,436.00
4879,Ian Malcolm,Engineering,ORD-6879,453.00
4880,Julia Roberts,Marketing,ORD-6880,470.00
4881,Alice Smith,Billing,ORD-6881,487.00
4882,Bob Jones,Support,ORD-6882,504.00
4883,Charlie Brown,Sales,ORD-6883,21.00
4884,Diana Prince,Engineering,ORD-6884,38.00
4885,Evan Wright,Marketing,ORD-6885,55.00
4886,Fiona Gallagher,Billing,ORD-6886,72.00
4887,George Clark,Support,ORD-6887,89.00
4888,Hannah Abbott,Sales,ORD-6888,106.00
4889,Ian Malcolm,Engineering,ORD-6889,123.00
4890,Julia Roberts,Marketing,ORD-6890,140.00
4891,Alice Smith,Billing,ORD-6891,157.00
4892,Bob Jones,Support,ORD-6892,174.00
4893,Charlie Brown,Sales,ORD-6893,191.00
4894,Diana Prince,Engineering,ORD-6894,208.00
4895,Evan Wright,Marketing,ORD-6895,225.00
4896,Fiona Gallagher,Billing,ORD-6896,242.00
4897,George Clark,Support,ORD-6897,259.00
4898,Hannah Abbott,Sales,ORD-6898,276.00
4899,Ian Malcolm,Engineering,ORD-6899,293.00
4900,Julia Roberts,Marketing,ORD-6900,310.00
4901,Alice Smith,Billing,ORD-6901,327.00
4902,Bob Jones,Support,ORD-6902,344.00
4903,Charlie Brown,Sales,ORD-6903,361.00
4904,Diana Prince,Engineering,ORD-6904,378.00
4905,Evan Wright,Marketing,ORD-6905,395.00
4906,Fiona Gallagher,Billing,ORD-6906,412.00
4907,George Clark,Support,ORD-6907,429.00
4908,Hannah Abbott,Sales,ORD-6908,446.00
4909,Ian Malcolm,Engineering,ORD-6909,463.00
4910,Julia Roberts,Marketing,ORD-6910,480.00
4911,Alice Smith,Billing,ORD-6911,497.00
4912,Bob Jones,Support,ORD-6912,14.00
4913,Charlie Brown,Sales,ORD-6913,31.00
4914,Diana Prince,Engineering,ORD-6914,48.00
4915,Evan Wright,Marketing,ORD-6915,65.00
4916,Fiona Gallagher,Billing,ORD-6916,82.00
4917,George Clark,Support,ORD-6917,99.00
4918,Hannah Abbott,Sales,ORD-6918,116.00
4919,Ian Malcolm,Engineering,ORD-6919,133.00
4920,Julia Roberts,Marketing,ORD-6920,150.00
4921,Alice Smith,Billing,ORD-6921,167.00
4922,Bob Jones,Support,ORD-6922,184.00
4923,Charlie Brown,Sales,ORD-6923,201.00
4924,Diana Prince,Engineering,ORD-6924,218.00
4925,Evan Wright,Marketing,ORD-6925,235.00
4926,Fiona Gallagher,Billing,ORD-6926,252.00
4927,George Clark,Support,ORD-6927,269.00
4928,Hannah Abbott,Sales,ORD-6928,286.00
4929,Ian Malcolm,Engineering,ORD-6929,303.00
4930,Julia Roberts,Marketing,ORD-6930,320.00
4931,Alice Smith,Billing,ORD-6931,337.00
4932,Bob Jones,Support,ORD-6932,354.00
4933,Charlie Brown,Sales,ORD-6933,371.00
4934,Diana Prince,Engineering,ORD-6934,388.00
4935,Evan Wright,Marketing,ORD-6935,405.00
4936,Fiona Gallagher,Billing,ORD-6936,422.00
4937,George Clark,Support,ORD-6937,439.00
4938,Hannah Abbott,Sales,ORD-6938,456.00
4939,Ian Malcolm,Engineering,ORD-6939,473.00
4940,Julia Roberts,Marketing,ORD-6940,490.00
4941,Alice Smith,Billing,ORD-6941,507.00
4942,Bob Jones,Support,ORD-6942,24.00
4943,Charlie Brown,Sales,ORD-6943,41.00
4944,Diana Prince,Engineering,ORD-6944,58.00
4945,Evan Wright,Marketing,ORD-6945,75.00
4946,Fiona Gallagher,Billing,ORD-6946,92.00
4947,George Clark,Support,ORD-6947,109.00
4948,Hannah Abbott,Sales,ORD-6948,126.00
4949,Ian Malcolm,Engineering,ORD-6949,143.00
4950,Julia Roberts,Marketing,ORD-6950,160.00
4951,Alice Smith,Billing,ORD-6951,177.00
4952,Bob Jones,Support,ORD-6952,194.00
4953,Charlie Brown,Sales,ORD-6953,211.00
4954,Diana Prince,Engineering,ORD-6954,228.00
4955,Evan Wright,Marketing,ORD-6955,245.00
4956,Fiona Gallagher,Billing,ORD-6956,262.00
4957,George Clark,Support,ORD-6957,279.00
4958,Hannah Abbott,Sales,ORD-6958,296.00
4959,Ian Malcolm,Engineering,ORD-6959,313.00
4960,Julia Roberts,Marketing,ORD-6960,330.00
4961,Alice Smith,Billing,ORD-6961,347.00
4962,Bob Jones,Support,ORD-6962,364.00
4963,Charlie Brown,Sales,ORD-6963,381.00
4964,Diana Prince,Engineering,ORD-6964,398.00
4965,Evan Wright,Marketing,ORD-6965,415.00
4966,Fiona Gallagher,Billing,ORD-6966,432.00
4967,George Clark,Support,ORD-6967,449.00
4968,Hannah Abbott,Sales,ORD-6968,466.00
4969,Ian Malcolm,Engineering,ORD-6969,483.00
4970,Julia Roberts,Marketing,ORD-6970,500.00
4971,Alice Smith,Billing,ORD-6971,17.00
4972,Bob Jones,Support,ORD-6972,34.00
4973,Charlie Brown,Sales,ORD-6973,51.00
4974,Diana Prince,Engineering,ORD-6974,68.00
4975,Evan Wright,Marketing,ORD-6975,85.00
4976,Fiona Gallagher,Billing,ORD-6976,102.00
4977,George Clark,Support,ORD-6977,119.00
4978,Hannah Abbott,Sales,ORD-6978,136.00
4979,Ian Malcolm,Engineering,ORD-6979,153.00
4980,Julia Roberts,Marketing,ORD-6980,170.00
4981,Alice Smith,Billing,ORD-6981,187.00
4982,Bob Jones,Support,ORD-6982,204.00
4983,Charlie Brown,Sales,ORD-6983,221.00
4984,Diana Prince,Engineering,ORD-6984,238.00
4985,Evan Wright,Marketing,ORD-6985,255.00
4986,Fiona Gallagher,Billing,ORD-6986,272.00
4987,George Clark,Support,ORD-6987,289.00
4988,Hannah Abbott,Sales,ORD-6988,306.00
4989,Ian Malcolm,Engineering,ORD-6989,323.00
4990,Julia Roberts,Marketing,ORD-6990,340.00
4991,Alice Smith,Billing,ORD-6991,357.00
4992,Bob Jones,Support,ORD-6992,374.00
4993,Charlie Brown,Sales,ORD-6993,391.00
4994,Diana Prince,Engineering,ORD-6994,408.00
4995,Evan Wright,Marketing,ORD-6995,425.00
4996,Fiona Gallagher,Billing,ORD-6996,442.00
4997,George Clark,Support,ORD-6997,459.00
4998,Hannah Abbott,Sales,ORD-6998,476.00
4999,Ian Malcolm,Engineering,ORD-6999,493.00
5000,Julia Roberts,Marketing,ORD-7000,10.00
